,Title
0,Cobra Kai
1,Better Call Saul
2,The Flash
3,Fear the Walking Dead
4,Young Sheldon
5,The Punisher
6,Legacies
7,What We Do in the Shadows
8,Legends of Tomorrow
9,Frasier
10,Angel
11,Station 19
12,Private Practice
13,Major Crimes
14,The Conners
15,The Good Fight
16,The Andy Griffith Show
17,Agent Carter
18,Boston Legal
19,90210
20,Family Matters
21,The Purge
22,Beck
23,Torchwood
24,The Gifted
25,Girl Meets World
26,Superman and Lois
27,The Book of Boba Fett
28,Joey
29,SGU Stargate Universe
30,Andor
31,Ashes to Ashes
32,The Game
33,Green Acres
34,The Suite Life on Deck
35,Pearson
36,The Jeffersons
37,Katy Keene
38,Good Times
39,Dominion
40,Once Upon a Time in Wonderland
41,Knots Landing
42,Armor Wars
43,Just the Ten of Us
44,Secret Invasion
45,Empty Nest
46,Wallander
47,Clueless
48,The Bionic Woman
49,Maude
50,The Sarah Jane Adventures
51,Hanyô no Yashahime
52,The Dead Zone
53,Ironheart
54,The Karate Kid
55,Young Hercules
56,Bounty Law
57,BeastMaster
58,The Casagrandes
59,Baywatch Nights
60,Darkwing Duck
61,Pinky and the Brain
62,The Looney Tunes Show
63,Mickey and the Roadster Racers
64,Melrose Place
65,House of Mouse
66,Lou Grant
67,Escape to the Chateau DIY
68,Class
69,Still Open All Hours
70,The Penguins of Madagascar
71,Vixen
72,Spirit Riding Free
73,The Lone Gunmen
74,Beat the Chasers
75,The Green Green Grass
76,RoboCop
77,The Amanda Show
78,Sealab 2021
79,Promised Land
80,Black Dynamite
81,My Big Fat Greek Life
82,Starman
83,Static Shock
84,The Colbys
85,After MASH
86,Tabitha
87,Da Ali G Show
88,Viva la Bam
89,The Adventures of Puss in Boots
90,Crusade
91,Buzz Lightyear of Star Command
92,Dirty Dancing
93,A Man Called Hawk
94,The Ropers
95,The Great Celebrity Bake Off for SU2C
96,Napoleon Dynamite
97,Back to the Future
98,Port Charles
99,Total Dramarama
100,The Great Holiday Baking Show
101,Top of the Heap
102,Gravity Falls Shorts
103,Pointless Celebrities
104,As Five
105,Time of Your Life
106,Beyond Westworld
107,The Tortellis
108,The Adventures of Kid Danger
109,Duck Dodgers
110,The Bradys
111,Silverhawks
112,The Misadventures of Sheriff Lobo
113,Phyllis
114,Rambo
115,Tales from the Cryptkeeper
116,Evil Con Carne
117,Quack Pack
118,Rapl
119,Planet Sheen
120,The Zeta Project
121,Flo
122,The Brak Show
123,Count Duckula
124,RoboCop
125,I Am Weasel
126,Dumb and Dumber
127,Soul Man
128,Breaking Away
129,Celebrity Antiques Road Trip
130,White Rabbit Project
131,Paper Moon
132,Sanford
133,Enos
134,The Law and Harry McGraw
135,The 7D
136,Gloria
137,House Hunters Renovation
138,First of the Summer Wine
139,Jodie
140,Super Mario World
141,Hard Quiz
142,The Brady Brides
143,Partridge Family 2200 AD
144,The American Baking Competition
145,Dorothy and the Wizard of Oz
146,Rabbids Invasion
147,The Dukes
148,Marsupilami
149,Chasing Dorota
150,Casper
151,WHIH News Front
152,The City
153,Beverly Hills Buntz
154,Les Dalton
155,New Teen Titans
156,Justice League Action Shorts
157,Board James
158,El corazón nunca se equivoca
159,Film Theory
160,Cowboy in Africa
161,Tattoo Fixers on Holiday
162,Riverside
163,Space Stars
164,First Viewing
165,Checking In
166,Underworld
167,Bake Off Creme De La Creme
168,Strange Love
169,Match of the Day 2
170,The Plucky Duck Show
171,Megyn Kelly Today
172,Cave Kids
173,Los Vílchez
174,The Family Chase
175,The New Adventures of Pinocchio
176,Sestricky Modrý kód
177,The Looney Tunes Show
178,Reinikainen
179,Winter Wipeout
180,Hei Briskeby
181,Super Sloppy Double Dare
182,Pikmin
183,Mai otome
184,The Flintstone Comedy Hour
185,GMB Today
186,Ralph and Katie
187,Family Double Dare
188,Från och med herr Gunnar Papphammar
189,Great Minds Think for Themselves
190,Storstadsliv
191,Bomberman Jetters
192,Field Trip Starring Inspector Gadget
193,Even Tot Hier
194,LadyLion
195,Kujibiki anbaransu
196,Constable Constable
197,Tôka gettan
198,Jumpers for Goalposts
199,JBVO
200,Millan och Lasse
201,Top of the Pops Plus
202,Solid Gold Hits
203,Muppets TV
204,Doodle Doods
205,Papphammar
206,Barcelona any 1
207,Super League Show 2
208,Huérfanos Electrónicos
209,Hapi ang buhay
210,Women at the Top
211,Minecraft Time Agent
212,Happy Go Lucky
