,This is the best documentary Ad for a jacket i've ever watched! GG to the climbers and sherpas!
,I'm cold just watching this. Scary. ğŸ¥¶ğŸ˜¨
,Wish they'd talk about and show the descent. Did they sleep at camp 2 or just powered all the way down?
murdo182,"Itâ€™s kind of sad that the majority of people donâ€™t realise Nimsdai Purja and team fixed the rope and led the trail blaze to the summit prior to the team in this documentary going for the summit, they literally waited for the work to be done and didnâ€™t give any credit or a mention at all in this film"
zak benmalek,My dad swears this is how he got to school every morning
Chess with Suren,wondering what camera did they use for filming this video?
Myra Modregon,Two dollars is a bad tip at a restaurant. And people think itâ€™s ok to tip their guide $2 for carrying their luggage up a mountain for a week???? -_-
Plantogenet ID,Please pay your porters well and treat them with utmost respect. They deserve it.
Snooker147,"Climbing gear and permit: 20k$
Tip for porter for a week long trek: Most I can do is 2 dollars"
S G,Who is here after Nepali mountaineers climbed k2 in winter ?
Hamas KhAn,K2 : Pride of PAKISTAN ğŸ•‹â¤ï¸ğŸ‡µğŸ‡°ğŸ˜ğŸ¥°
Tony Li,Sherpa carried all of the gears and you can carry the glory of success. Good Job!
Liftnd,Sherpa be like $2 more than I make in the sweatshop sewing for Eddie Bauer
Vishwa,@15:43 seriously? for 7 days trek in such hostile conditions with huge luggage on their back they were paid just $2? A coffee in Starbucks costs at least $4. This is seriously an inhumane way of exploiting poor people who take a huge risk for other's luxury.
Hk 4lyfe,"The nice thing about K2 is that unlike Everest, it scares away all the casuals, thus preserving its prestige."
Safar and Travel,"These people pay $ 50K expedition fee plus equipments for another $ 50K to $ 100K. What they do not want to pay is porter fee who actually enables them to reach to K2. Those poor people have only 2 months of earning in a year, when expeditions start. Still after travelling to this far, these climbers do not want them to pay atleast $ 50. What a shame."
F F,Imagine putting yourself in a life-threatening situation on purpose
Sanggelje sherpa,"I am proud to be ""SHERPA""."
yaramar34,Kudos to the 10 Nepali climbers who have just become the first to summit K2 in the winter ğŸ™ğŸ»ğŸ™ğŸ»
Raymundo Gonzalez,Being on the edge of life makes you truly feel alive.
barrett hendrix,"Seems like the hardest part of the climb, was paying the Sherpas.."
hassan ahmad sheikh,I am living just 10 hours away from this monster peak but have't ever think to climb it....you guyz did it...seriously this is courage
Hamas KhAn,ğŸŒ¹ Ø§Ù„Ù„Ù‘Ù°Ûâ¤ï¸ Ø±Ø³ÙˆÙ„ ØµÙ„ÛŒ Ø§Ù„Ù„Û Ø¹Ù„ÛŒÛ ÙˆØ¢Ù„Û ÙˆØ³Ù„Ù… ğŸŒ¹
sryfodaweight,How can people only tip them 15 dollars a bag for a whole week?? Thatâ€™s so disrespectful and tells a lot about the people.
I M FROM PAKISTAN,Congratulations to Nepal team for summit k2 in winter season 2021 for the first time
Hrithik Srivastava,Carry your stuff next time yourself and tip yourself 2$ at the end of the trip.
Sujan Gurung,I am here after my fellow countrymen summited the K2 in winter. An amazing feat in the history of mountaineering. And one of them did it without supplemental oxygen.
Ruben Louwagie,"""porters well compensated"" = a bit more than 10 dollars"
blueberry smasher,RIP Spanish mountaineer Sergi Mingote
Muhammed Shahzaib,Nepali Sherpas break winter record in quest to climb K2 - Pakistan.
Nepal Nepali,Finally Nepali Shrepa 8 brave brothers did this world record...proud to be Nepali ğŸ™ğŸ‡³ğŸ‡µJay Nepal ğŸ‡³ğŸ‡µğŸ™
Nate Wylie Studios,"Me watching tv â€œugh I hate this annoying 15 second adâ€
Me on YouTube watching 45 minute ad â€œwow that was awesomeâ€"
Ron McNeely,Was there in 1986. The death troll was sobering.
Shahbaz Ali,This is proud of Pakistan. â¤ #K2
Kunal Chhetri,This is by far the best documentary I've seen.
Svitpo P,"as a son of the youngest person to ever walk on this mountain i am honord that this documentary was made. thank you ! and yes, i dont know how i exist"
Jack Hewitt,The soundtrack alone was gorgeous. The documentary was extraordinary. Thank you brave men and women. I'm glad you succeeded without injury.
F F,So he trusts the people implicitly but not explicitly? I find that reeeally strange.
Israel Sarabia,Lets give a big Shout-Out to Sherpas that made things more comfortable to accomplish this expedition!!!!! They deserver the same credits as everyone else!
RK831,Good that the summit is not as polluted as Everest's.
K1ng Ar2ur,2 dorrar tipğŸ’µ?  Ffs that's some stingy shizz right there
ĞÑ€Ñ‚Ñ‘Ğ¼ Ğ°Ğ½Ğ¾Ğ²,Iâ€™m watching this while eating a family size of Doritos and wearing pajamas Iâ€™ve been wearing for three days now
Ritesh Lyndell Beepot,This Documentary needs an award. The visuals are outstanding!
Dave Harris,Why am I smiling and crying when they reached the summit.. damn that was beautiful
much love,This guy Pemba is in every mountain climbing documentary I've ever seen.
Justin Covert,"Supernatural; superhuman strength , mans, womenâ€™s will , brings a tear to my eyes . Beautiful place!"
Shayne Sim,I swear I will not ever congratulate myself for climbing out of bed on a cold winter morning to drive to work again.
Cliff Prowell,"Well.... I was feeling pretty good about WALKING 10 miles yesterday... Not to brag, but also without supplemental oxygen"
Tea Aung,And that one polish guy had the audacity to ski down descend
Thomas Franz,I would hate to do that climb at night
Cesar War,At that altitude without oxygen and Carla's voice sounds like a super human. Incredible! Congrats!
F F,"You need the experience, you need the experience... you just need to be fu*king crazy lol"
Sikkimese,I dislike how the climbing community doesn't give the sherpas the true credit and respect that they deserve. pretentious bunch
shazlfc ronaldo,Pakistan is a beautiful country full off everything with amazing scenery !!! And god bless you guys good job very brave !!
Happy Trigger,"Modern peak crack: Needed the whole support team to push me.
Reinhold Messner: Needed to push my sole supporter."
Ethan Woods,My parents when I complain about my walk to school also respect these camera men
Umer Mushtaq,I also has a plan of summit K2 one day InshAllah !
doremidoredo doremifasol,"Pay the porters, donâ€™t take advantage of them through economic exploitation and depravity"
Jonathan Magana,Her talking about close to death is me talking about acidğŸ˜‚ğŸ˜‚ğŸ˜‚
Juan Sebas C,Very proud of Carla in Ecuador !!. Is a shame that few people here know this achievement
Matej JuhÃ¡s,"""Mountains are not fair or unfair, they are just dangerous."" Reinhold Messner"
Holy Unknown,Congratulation to Napali climbers and all Sherpas !
Kimberly Oropesa,"I can't even stand on the refrigerator doors on the supermarket while finding some hashbrowns for 1 minute. Dude, salute! hahah"
Tyler Hagan,"I'm taking my small company team-mates on the next doable AlpenGlow expedition...the ending of this documentary just sealed the deal for me!  Congrats to AB, Carla, and Topo for inspiring me to pursue climbing more and leave my normal routines of sports, swimming, and being a nerd.  Yay!"
Mary Golfer,I have to check my oxygen level with pulse oximeter while hearing his breathing. This woman is extraordinary.
Jawad Ahmad,"Just love this documentary , As its hard to summit k2 but its my dream  to reach at base camp."
Pacino972,"Seems like the hardest part of the climb, was paying the Sherpas.."
Muhammad Shoaib,"You become a mountaineer to the world when you summit Everest but you become mountaineer in the eyes of mountaineers when you climb K2. 
By the way, Nepalese Sherma group made history few days ago by summiting K2 in winter."
Rj Chavers,I'm so happy for all of them. Thank you for posting this and thank you Eddie Bauer for sponsorship of their expedition.
Jonathan Mendoza,"Climbing K-2 is actually ""Survival of the Fittest""... Not all become victorious."
shaunsprogress,Honestly I've read every expedition someone nearly dies of food poisoning. I would literally cook and clean everything myself.
Gauthinours,"I think Eddie Bauer and his team forgot to say something, so I will say it on their behalf: ""Thank you Nirmal Purja and your team for breaking the trail and setting the fixed ropes! No Nims, no Eddie Bauer summit..."""
Edward Bright,"When you can't breath, it's time to not go there. If oxygen don't want to be there,neither do I...ğŸ¤ ğŸ‘"
It was Flavor-aid,"Before seeing him,i knew who that voice belonged to in the opening.  Adrian has such a unique ,calming voice."
Vm Abijeet,"40:02 This moment is so special because only a few in the entire human race has been able to achieve what this guys have just done. He sports a drop of tear on tje top of the hardest mountain in planet earth, trying to come to terms with the vastness of life and the mountain beneath his shoes. ğŸ˜Š"
IK Khan,"â¤ï¸ğŸ‡µğŸ‡°ğŸ‡©ğŸ‡ªâ¤ï¸ I am a Pakistani which I am proud of. But I am living in Germany for 20 years. And I am from the same area of K2, Terch Meer, Nanga Parbat and etc. And I want to say please keep visiting Pakistan Northern areas. But please try to keep over mountains clean. I want to say you are great ğŸ‘ğŸ» people. God bless you ğŸ™ğŸ¼ and save you always ğŸ˜‡ğŸ˜‡ğŸ˜‡ğŸ˜‡ğŸ˜‡ğŸ˜‡ğŸ˜‡"
Angie C,"Porter are just trying to make a living man, risking their lives for your adventuring. I can't imagine not tipping them well."
Sky Samson,I barely want to get out of my bed every morning
Cali Loyalty,Wearing my jacket in bed just watching this.
Prima Primavera,"Ğ¥Ñ€Ğ°Ğ±Ñ€Ñ‹Ğµ, ÑĞ¸Ğ»ÑŒĞ½Ñ‹Ğµ Ğ»ÑĞ´Ğ¸! ĞœĞ¾Ğ»Ğ¾Ğ´Ñ†Ñ‹! Love from Russia! Thank you for this inspiration â¤ï¸"
Mahdi Mansur,And the most amazing thing is that the Narrator at the beginning of this documentary has climbed all 14 of the over 8000m mountains without supplementary oxygen
Casey and Breelyn,"Are you serious, a $2 tip?!! Even $10-$15 is too low! I was thinking more like a $100 tip!! They literally do EVERYTHING for you. That's so sad, the porters deserve better!!"
Paul Liddle,Pemba! That dude is a hero and a living legend!
aboutface102,"I can't imagine climbing all the way to Camp 4, just to go all the way back down to basecamp again, then have to do it all over. Mental toughness right there."
MICRO-REPAIRS LTD,Looking out of a window of a tall building is high enough for meğŸ¤£
Edwon Rodrigues,"The nice thing about K2 is that unlike Everest, it scares away all the casuals, thus preserving its prestige."
Nomi,"Love from the land of K2, Pakistan ğŸ‡µğŸ‡°â¤ï¸"
Eugenio Rivademar,"Absolutely breathtaking documental.  
Ever seen.   The bottle neck pass is scaringggg !!  Actually, all the ""beast"" is scaring.  Congrats to all the team that made summit.  And most of all to the cameras.  People that we donÂ´t see but they made this film possible.  Shapooo guys !!"
Daniel Murphy,those faces look like they've been chiseled by the wind
James Price,"im sitting here crying, n i didnt summit, so glad u made it!"
jabir abbas,K2 means NEVER again DEAD OR ALIVE
Mir Shabir,"It's emotional coming back from top of mountain. I just love mountains, they're calm and peaceful"
Why oh Why,Itâ€™s crazy that they are so high up that you see the atmosphere disappearing into the blackness of space
Rey Hang,I wonder how many attempts ended tragically that Eddie Bauer isn't showing.
Jeff Ward,Seems like even getting out of base camp would be a significant challenge with the bad weather coming on. I'd love to know more about what happened after the summit.
"On My Lunch Break, Sorry","""Guys, I know we're dying of oxygen deprivation but we need to pose for a couple more product placement shots. After that, we're on to the summit."""
Jungey Khanal,Bro now nepali sherpas conquer this mountain just check google
Muhammed Shahzaib,"Best wishes for Tamara Lunger, Trying to Ascend on K2 ""THE KILLER MOUNTAIN"" in winter without oxygen. Huge Respect From Pakistan ğŸ‡µğŸ‡°"
Rick J,"Without the Sherpas, there would be no climb."
FrankStar 830,My great grandparents said they would have to climb up here just to lick the salt deposits...
Ralen Codlin,Amazing of these group of climbers. Your team puts you in a moment that you will never regret it.  What a journey!
Paddywiggle,Out of every 4 people that summit... 1 person dies... wait a minute... they have 5 people in their group ğŸ˜³
Robert Pilkington,What an amazing achievement...I'm in awe of Adrian and Carla and all the Sherpas...
Nick Heebsh,Couldn't have gotten anyone better to narrate - literally the man who wrote the book
Steve B,Everest is like driving to the mall.  They dragged Sandy Pittman and her purse to the summitt.
aroundandround,My extremities would freeze at these extremes.
benjamin white,Itâ€™s weird how dark the sky is up there
Sajida Nadeem,"Absolutely excellent, congratulations to all on such an amazing achievement. You are all so motivational in this epic journey. Well done!ğŸ‘ğŸ½ğŸ‘ğŸ½ğŸ‰ğŸ‘ğŸ½ğŸ‘ğŸ½"
Jorge Reynal,"I couldn't stop weeping. Incredible story!! Very well told. Very well directed. Superb editing. Great score. And above all, amazing characters who succeeded against all odds. The true human spirit untouched."
Meer Sahab,"It's hard to climb K2 , i salute you all of you."
D Eiloart,Has anyone seen Everest beyond the limit because Adrian was in that. And that was amazing I canâ€™t put it any other way
zaki rajput,Im from Pakistan and if the day is clear I can see the peak from my home.
Mo Khan,I could remember I went to Pakistan from Uk I met 4 very lovely people in the aeroplane I was just chatting to them they told me they was going pakistan to climb K2 when I came back after 2 week from Pakistan I saw the same people on news that they have died while climb K2 which shocked me
Toby Vive MTB,It's just the light coming to me... I'd know how to get to her â¤ï¸
Dhruvraj Rathod,Literally I've got goosebumps for 2 min. And my eyes got wet ....even though I'm at my home...ğŸ˜”ğŸ˜”
_georgee_,This make you really think about how ambitious humans can be... thrusting your own instincts and limits.. itâ€™s just amazing
Alessandro Firmani,How and why tf wouls someone not like this? Is really inspirational â¤ï¸ğŸ‘
Swapnil Salve,The snow was so bright that i had to wear sunglasses while watching this video.
31 fishon,"Wow @8:09 ""in these trips, most of the time you are close to death... so you want to enjoy more of your life."" 

never realised how close to heart this is as someone who climbs till she said it. word man"
Marc Gaines,I'm glad he managed to hold onto the Raccoon.
Richard Inman,The mountain gods were smiling guys. Well done.
Biko Ã–s,"i just wanna climb here. i am preparing myself for this. K2, we will meet."
T BZ,"12:41 The more you pay, the less you carry."
C yzl,"Whenever I see these videos, I think of another video that documents the locals risk their lives to clean up the huge amount of garbage left behind by these climbers."
shahid nadeem,"Excellent ğŸ‘ğŸ‘ŒğŸ†—...


Supermade humans....no doubt...."
Proud Pakistani,"One of the best expedition, I really appreciate your hard work, Team coordination. K2 is really a deadliest savage mountain on earth.
Love from Pakistan ğŸ‡µğŸ‡°"
thatsdisgusting,Well done! I  didn't realize this is an ad until they reached the summit
Bhushan Salgar,"Chosen are the ones who live their dreams..Hats Off.. one doesn't conquer a mountain, the mountain embraces whoever it choses... Congratulations..."
Azam Tariq,My life for MountainsğŸ’¥
Timo Steve,Holy shit this woman Carla is one hell of a badass!!
hania khan,This one here is the most beautiful and perfect summit of K2 for me.
Joeseph Yunna,"The accidental mascara multivariately jog because floor transmurally last between a wiry america. ludicrous, joyous eye"
articuno03,Imagine there was a big slide at the top to take them down
Troy Johnston,"So how did you prepare for this massive undertaking? ""Well, uhh, we hoped for good weather."""
Wally McGuire,This is absolutely incredible. I long to be there while knowing it will never be. Such an incredible accomplishment.
I miss 2019,I wish I can do something like this.... I donâ€™t have the means nor the energy.
Stocks and Coins,"""I will only stop when the mountain tells me so..""
Arrives at base camp seeing a huge avalanche
""Alright, let's go!"""
Dani,Next season on The Grand Tour: Can we get to the summit of K2 in a heavily modified Toyota Hi-Lux ??
Rowan,"when he got sick this got too real. Every single backpacking trip I  go on (none are as intense) I get terrible anxiety, worse than i deal with on my day to day. So, the anxiety makes me sick, and when you add that with beans going bad and half the group coming down sick, It's not good. Definitley relate to being sick while in the backcountry"
Paul Kane,Best documentary I ever seen on YouTube!  What a great watch and  incredible group.  It seems you all will have a life long bond after this incredible journey together.  Much thanks for posting
Lance Henry,Omg crying tears of joy for youâ¤ï¸ such mind over impossible things...incredible climb almost into space.! Thanks for bringing us along...niceX 1000
Cucu Ca,"All those 4 legged beings deserve recognition  as well, carrying on their back all the heavy with their delicate ankles in such hard unforgiving surface! Praise to them as well!"
Dhananjay Singh,I'm a simple man.  I love the mountains view from the foothills only.  Save money and save life.
Limish John Mathew,"One day, If God allows one day I will summit K2."
Ronaldo Oliveira,"I'm here after the ending of Kokou no Hito, lmao"
Peter Wu,"The real question is....  ""who took up all the ropes?"""
Eddie Gooden,This guy is such a legend.
Ali Rizvi,a 46 min proof of concept ad or a jacket ğŸ‘ğŸ‘
Luis Romero,RIP SERGI MINGOTE.. ğŸ™ğŸ™
Thuy Ly,"Lots of love ğŸ’• to the Sherpas.  They deserve the best. Good luck to you all. I wish you a long life with good health . Thank you ğŸ™ so much for the video. Please could you do more documentaries about the life of the Sherpas and the mountaineers, this is so interesting. Best documentary for Covid time too ğŸŒ¹ğŸŒ¹ğŸŒ¹"
s r,The Sherpas are the true stars of this...
James Sherrow,I wonder if you could skydive to the summit.
Docfpv,All I can say is WOW! I Thank you for sharing this with the world ğŸŒ âœŒğŸ´ó §ó ¢ó ³ó £ó ´ó ¿ğŸ™ğŸ™ğŸ™
erp na,Respect for highly dedicated and honest team players -- Sherpas
Muhammad Ali Shahrukh,Best documentary so far on K2 climb. The savage mountain seems to be the ultimate challenge. Its in a very beautiful part of Pakistan up north in Gilgit areas.
martin sloan,I don't like hobbies where the goal is to stay alive.
cedric liggins,Much respect to your father. It shows how much he and his generation valued education. I commend your father for his perseverance and dedication. In ones pursuit of a higher education the will of the human spirit to succeed in spite of obstacles is an intangible aspect that has to be considered. Once again I salut your father Zak benmalek
lyndia cutler,"That was the best mountain climbing video i have ever seen thank you so much, and so happy you all made it down safely."
Sam Holder,"this is spectacular. 100 percent success on K2 after 95 percent of climbers abandon. 

Well done, team. Well done."
Scott Stokes,"You know what, I donâ€™t care how awesome this might be, your suicidal"
P Jay,seeing this shows how big of an achievement Reinhold Messner achieved climbing ALL 14 8000m peaks without oxygen...
NickOnComputer,This was a somewhat interesting Eddie Bauer ad
Lustige Sache,Everytime i watch These documenteries i recognize how small i am over and over again
KCBkotastrophie -,Holy shit! YouTube algorithm actually Recommended Something Iâ€™m Extremely Interesting and Intrigued about. Wow ğŸ¤©
banmadabon,So Basically they pull their self up on ropes installed by Sherpa...
Jonathan Stewart,"Brings back memories. I was there in 2001, did the trek over Gondoro La, hiking along with K2 and Broad Peak and Gasherbrum climbers.  With as many climbers as 2019, I can imagine the porter situation was a shit show (literally and figuratively). But it's nothing new. Porter revolts are a yearly event, coming as no surprise to anyone. Smaller trips, like mine, bring in trustworthy porters from Skardu, pay them double, and don't worry about being left holding your bags. But you can't do that with a large expedition. But even when I was there two decades ago, K2 had already begun its inevitable march towards Everest-like commercialization. Not mentioned in this video is how all of those static lines are set in advance for our heroes to climb for the video."
A1MYT MCOC,As usual...the locals are exploited and never given credit!
Andrew Gackenbach,"Loved it, but would've appreciate a special acknowledgement or something for Nims, highly doubt there is a summit without him and his team."
Amir Shah,"Different between k2 & Everest!!! K2 has -60temp & Everest has max -40,, so weather is most dangerous to climb"
TheRabbitFear,They spend thousands of dollars getting there but don't want to tip their sherpas $10...
Moneca Savoie,This is the absolute last thing I would ever want to do :).
WhenDucksAttack,Great Film! I loved the brown pee hole on the summit at the end. Thats real mountaineering :P Awesome job guys!
Light Bulb Goes Off,"37:25  ""I'm afraid the wind might have frost bitten my cornea so I can't see out of one eye...Doesn't matter, it's awesome!""   That my friends is madness defined."
Hassan Shaukat,That's the beauty of Pakistan ğŸ‡µğŸ‡° !
Naveed syed,Porters have huge balls to carry loads for days in the toughest terrain on earth
Johnny Dong,90% of recent comment spam: Give sherpas more respect
Thirsty Terror Tuna Taco,This small lady from Equador has GIRLPOWERRRRRRR  <3
koofdome,Meanwhile I get tired climbing stairs
Anthony Costa,I kinda wanna go buy a jacket right now
Kriwo,And then there is this guy who skied down that monster
MotorBikeTV,"One the best short films I have ever watched - absolutely incredible scenery, determination, and videography - thank you - thank you xx"
Colin Dalgard,"""I want to go until the mountain tells me I can't""
ignores every single warning hahaha"
Music With Character,"Iâ€™m speachless! I hope one day I will be able to climb K2. Iâ€™m not a professional mountaineer, but climbing K2 itâ€™s my life dream!"
Marcus Akers,Kudos for not leaving a bunch of oxygen cans lying around. Good job.
Busy Riding,"People think itâ€™s easy, itâ€™s not. Theyâ€™re so good they make it look like a piece of cake."
caos one,"We hikers like to say 'embrace the suck', but damn this is outright torture and madness. This level of dedication to a goal is really impressive."
HKN,A great documentary to watch in years.
Kisan B.k,Congralations dada haru jai nepal ğŸ‡³ğŸ‡µğŸ‡³ğŸ‡µğŸ‡³ğŸ‡µğŸ‡³ğŸ‡µ
Space Dandy,I just read a manga called the climber and it was amazing. If you want to read a amazing journey to the top of k2 i recommend you start reading.
Nicolas Bardo,Damn.....I got sick at 12k feet....cannot fathom how hard it becomes at 20K or higher....ughhhhh can't breathe.
shangee tibodo,"dear eddie bauer , once again ONLY  the amazing sherpa work up high made this possible .  give them a suit and put them in the movie !!!   shameless..."
Aatif8,Big respect to the workers who take the climbers gear to basecamp on small salary.
andiaw,Just amazing! Great accomplishment!
jage,U R walking up the length of 8 New York Empire State Buildings. I'd rather sit here in my warm comfy chair drinking tea. Beautiful footage. Fantastic SHERPASğŸ’
M. D.,"As many mentioned, this push to the top would have been impossible without the help of Nirmal Purja and his team, who made the track in the thick snow before Adrian's team.

It still is an incredible accomplishment without ox', but it would have been fair to mention Nims effort and the fact that it wouldn't have been done without it."
The DreemChaser,Beyond an amazing feat! Definitely on my bucket list ğŸ™ğŸ¼
Tamara Tserennyam,"So cool , challenging  and adventurer , thank you , brave people , Carla is so precious"
Just a sec,Am just glad I had only to press 'play' and get to the summit in 45 mins.
Pankaj Banne,I see... So this is how the heaven looks like
Casey and Breelyn,"I'm still mad at how under appreciated Sherpas are. They literally do ALL the work and never get credit. These ""mountaineers"" that go and attempt these mountains stand on the back of all these sherpas. Sherpas make the camps, place rope, carry gear etc. all the regular climbers do is follow the ropes up...."
Juan Valencia,Soooo sick ğŸ˜ğŸ¤© much respect go Ecuador ğŸ‡ªğŸ‡¨
James Hoad,It was tough work to get up the stairs just to put my phone on charge so I I could watch this whole video in my bedroom! I'm glad I made it! Now I just have to make it back down safely n hopefully there might be a bacon sarnie waiting for me in the kitchen when I make it back to base camp! ğŸ¤£
Bishal Shakya,Kudos to all the one who reached summit and hats off to all who tried. The best expedition video Ive ever watched. Lots of love from NEPAL and best wishes for remaining expedition. HATS OFF SIR
Pulkit,"Ok, i wanted to climb K2 ,
but now that's off from my bucketlist ğŸ”ï¸"
Lifecast Prime,"I made my first hiking video. It sucks, I know, but the journey of a thousand miles starts with the first step ;)  @ZD5U    More to come!"
Annoying Hacker,Mashallah beauty of ğŸ‡µğŸ‡° Pakistan k2 mountain also rakaposhi mountain
Loop Hole,"i go until my inner person says ""wtf are u doing..!!!"" lol"
Michael Delaney,"Beautiful and inspirational, thank you for sharing this magical tale, truly amazing!"
Ronnie La,Why do I feel like I listened to this same story on another vid with him? Or have I been here twice?ğŸ¤£
Alan Severn,"Blessed journey. Exceptional decision making, especially the final one, not to attempt K2 again. Enjoy life, stay safe. Friendship is everything."
Thordur Hognason,Jon Snorri  is now on his way des 2020 climbing k2
DA Lawman,This shows you how guys like Ed Viesters were so amazing. He did all 14 of the 8000m peaks without supplemental oxygen.
Bardya Amirparviz,18:52 (this is just to remember my time)
Biggy Boris,"3:24 i know he is wearing goggles but really, lmao (dude on the right)"
Rafael Sanchez,"Este verano, si las condiciones son buenas, intentarÃ© el Tibidabo por la cara sur. Con dos cojones."
waqar waqar,I heard about you guys on news ....bravo i loved this video and your courage and bravery...imagininv whar it would have felt raaching out to k2 summit.....congrats
drail80s,"Wow< What a Story. So much heart, determination, steadfast."
Anna Mardo,So beautiful!! Thank you for sharing this experience!
Pablo Gonzalez,Bravo!
Nicolas Muller,"Oh I'm so happy !
I was crying with you in the end.
I felt that though I'd never made the ascent, I was there.
How very brave of you !"
Antonio Ferrer,"A K2 movie without someone dying?
Probably a first."
Max Zorin,"Ya...it's not cruel , it doesn't have a voice...etc....IT'S a fracking rock! WTF?"
Erik Iverson,"That was incredibly inspiring!
â˜ï¸â™¥ï¸"
Kenan Morg,Good film about some incredibly determined people.  I thought the Baltoro Glacier was almost as impressive as the mountains themselves.  Beautiful scenery and some really great cinematography.  Thanks for this.
Michael Angelo,Thereâ€™s this manga about a guy who really loves to climb solo and he even tackled k2 in exchange for his limbs due to frostbites. The manga is kokou no hito
Tariq Aziz Sofi,I get same feeling when I have to climb the stairs.
Shafiq1969,"Well done guys, an impressive video. K2 is truly majestic and a top destination for mountaineers in Pakistan."
Scout's Den,So many climbers go back and multiple years with no summits at all and your team make it up on a beautiful day. That is amazing luck as well as skill. Guess you need both on K2.
Totoro San,i finally know what Eddie Bauer is! So many times walked passed  by the store and didn't know they sold outerwear clothes...
Abhijit Chakraborty,"This is the life compared with the life spent on a mundane job at a desk, for some money and safety."
firsthippy,All the money spent on these climbs and people are short-changing porters?
Mark Bergemann,"Back in the 70â€™s Eddie Bauer was Thee name in Arctic outerwear. The Superior Polar Parka, the -30 sleeping bag. It seemed like they got away from that, became the more urban outfitter. Itâ€™s really nice to see they might be coming back. The gear looked like it did well."
Icrazieelliot Gamer,Hi what a just breath taking achievement cannot tell you how much respect I have for your  whole team brilliant watch as well thank you X
Tushar Taunk,"this is just mind-blowing... i can keep watching this for days, months and as long as i wish... phenomenal efforts and incredible journey... salutes to the entire team....."
â¸»â¸»â¸»â¸»â¸»â¸»â¸»â¸»â¸»â¸»â¸»â¸»â¸»â¸»â¸»â¸»â¸»â¸»â¸»â¸»â¸»â¸»â¸»â¸»â¸»â¸»â¸»â¸»â¸»â¸»â¸»â¸»â¸»â¸»â¸»â¸»â¸»â¸»â¸»â¸»â¸»â¸»â¸»â¸»â¸»â¸»â¸»â¸»â¸»â¸»,Mountain is my attitude. i wont explain the sht now due to lack of time
kun072,"The real question is....  ""who took up all the ropes?"""
Barbara Kryvko,What an inspirational film. Thank you for sharing your journey with us.
m m,who wouldn't like this video....brave and the most determined people....cheers to them.
fLying_AnT,It was the hoddest thing Iâ€™ve ever done LULW
Sherry Eldridge,You are an angel of the mountain. â¤ï¸â¤ï¸ğŸ™ğŸ½ğŸ™ğŸ½
Zahra Qaisar,You people made best decision to stay and continue your journey and it was fruitful...
Udit Gahlot,Big salute.  Huge respect
J P,very nice guys !!! Im proud of you.
PreferredGecko,"I go to College in Maine and got one of the eddy goose down jackets. Thing is mint, these people prolly felt like they were in Cali. Lol"
Pavel Semonov,What a vileness to argue over extra $10. You â€œrisktakersâ€ gonna leave hundreds in tips to servers in restaurant where you celebrate your accomplishment. Filthy!
Arshia Bucket,It's like I watch a movie and the end is super duper awesome ğŸ¥ºğŸ˜
Legend 28,Congratulations on making history! Beautiful Beautiful!! Thank you Eddie Bauer.
JULIO MONASTERIO BACARIZO,"GRAN DOCUMENTAL SOBRE EL K2 , CON UNA MAGNIFICA FOTOGRAFIA."
airsoft ant,You keeping me warm right now
abdul rehman,I am from pakistan and i just did a base camp next to k2 can't even imagine to climb this scary mountain. These guys arr real heros. ğŸ’“ Much respect from pakistan
Awaken My River,"I've never been overcome with emotion at this before, but wow, this invoked tears.  The respect that this team has for that mountain and each other was returned with the gift of their experience. A beautiful thing."
peter gregory,"Top of the World Ma! Top of the World.
Remember reading years ago of Aleister Crowley's attempt on K2. About 1902 was it?
Imagine the sort of gear he and his friends would have had! They didn't make it of course.
Magnificent job guys. Well done."
Peter Lewis,"That was an amazing video, i could have watched it for ever."
Matt Ducey,"Best mountaineering (alpinist) doc/film I've seen. Brought me there, without all the work, haha! Well done, all!"
Travis Pertson,"Where thereâ€™s a will, thereâ€™s a way... âœ¨ğŸ”âœ¨"
Olivia Lambert,"""Climbing without supplemental oxygen"" means ""climbing with three porters who use oxygen""  in this case.
Meanwhile, legends like Hermann Buhl climbed Nanga Parbat solo without oxygen."
Adrien Pinard,"The impossible college aetiologically scorch because neon routinely collect onto a poised whorl. joyous, equable prepared"
NerdyNano,Truly inspiring ğŸ˜Š thank you for such a wonderful story !!
Sam Grima,K2 pride of Pakistan ğŸ‡µğŸ‡°
Miyoung Jung,I am crying now after you mention about feeling on the top of K2 what I like . Thank you very much let me watching your journey.
Mads Jensen,Truly amazing climbing.. Watching this gave me goosebumps all over
Da dare king Is home,Whoâ€™s here after watching the guy ski down it
tass ono,"Namaste Palden Dai and Namgyal Dai, even though you got 0 credits from this documentary , we know you were the backbone behind this expedition. Om mane padme hum . Jai Nepal."
leratluci,Today I will reach the summit of my couch
oSo_KewL WIT_IT,"A true climber would have wore a tank top, daisy dukes and flip flops.  All bs aside.  I couldnâ€™t do this.  Much respect."
Aamir Abbasi,A great documentary. Hats off to all of these courageous people.
Blue Daily Elephant Care Sanctuary,"So risk adventure, but very breathtaking trek."
Mir Shabir,"I'm curious of climbing k2, hope I get a chance in future...hooooo"
Ron George,To me the sherpas are Legends period .
Michael Noble,The blood on the summit shots :O
NotJoe Biden,Thanks for taking pictures...now i don't need to go..LOL
Kamal DHUNGANA,The most significant guides: the Sherpas from Nepal are almost for shaded from camera intentionally and not even mentioned at the end... Oh.. Big Bosses...
cs chaka,BREATHTAKING !!
Gary Kramer,"This was an amazing documentary. It was also an amazing feat to do this without oxygen. Iâ€™m just disappointed there was no mention of Nimsdai and his team being an integral part of the summit push. I remember seeing him post about clearing the way past the bottleneck. It absolutely would not have taken anything away from the amazing feat that the Eddie Bauer team accomplished. It just wouldâ€™ve been a bit more honest to include appreciation for how they helped. Adrian even mentioned that on an Instagram post during the expedition. Still though, congrats on doing something so amazing and capturing it so well."
Ahsan Choudry,Just breathtaking!
N8FALKE1,"Try Kukuczka's ""Polish Line""."
blex,"i cant breathe
scnr"
Raymond Lopez,"Wow Congratulations to Adrian, Karla and Toopo."
The Dark Destroyer,"The true dreamers are the men and women who still remain on K2.
Indeed they were dreamers who lived for the moment and did not regret anything in life.
RIP.ğŸ™."
Ninnie Holmgren,The man of my dreams. In every way ğŸ¤©
Jon Posadny,i wish i had the money just to get to base camp once in my life.
Andrew Dale,"This was really cool. Props to all involved. Love the quote at the end: ""Adrian and Carla do not have any plans to climb K2 again."""
nasdoc1,Amazing! You have to be a superhuman to climb the K2. Breathtaking scenes. What a video. Congratulations!
Travel With Strangers,"This is actual life time achievement for human beings, atleast for me it is. ."
Chance Tushir,Try Kailash next ğŸ˜‚
Carlo Carugati,Y O U are breathtaking
joe maxie,truly awesome achievement....athlete's of the highest caliber... congrats to all of you....a testament to the human spirit....pre happy anniversary....well done...and thank you for giving us mere mortals a glimpse of the beauty of the mountains....Namaste
Linda Manzione Young,"I was in tears because of you, Adrian and Carla, and your team's  success in reaching the summit. You all were SMART in putting safety above success. I was so happy to see the weather cooperating also. God was definitely with you on this trip. Thank you for sharing this beautiful video. â¤"
Joel Crow,What if I have trouble being in a Costco cooler for longer than 5 mins tops....
Ryan Gall,"so much more than an ad though. I used to work for Eddie Bauer and their expeditions are literally the soul of the business, which I always thought was cool while working there. I hope I can climb some of these crazy mountains one day."
Trinitatis Sanctorvm,Pemba what a legend.
BrunoKris Georgeton,Beautiful photography! Great human endurance! Well done!
Vinnie Menon,Not even into climbing but this was a great watch!
The Stone,"Itâ€™s 2:11am idk how I get here?! I was watching cameravids and stuff xD
Idk how I came but I donâ€™t regret beeing here."
John MacKenzie,Brilliant And great camera work
Mik Limbu,"Lets be honest here, no Sherpa no summit. They practically babysit the ""climbers"". While westerners take all the glory, Himalayan people take it as all in a day's work. No offense."
M A D A R A,I would stay at summit for the rest of my life.
timi gaule,Nepalese guides(pun and sherpas) are great and supported the climbers all the way to the top.
Pier Wobbler,Beautiful documentary and awesome climbing!!
dimitris veroutis,imagine   climbing this with 3 of your budies  knowing that one won't come back
Mr K,"im gonna climb it solo, no sherpa, no oxygen, carrying everything i need on my back. in the winter season so no one else is there!"
Basically? Legit!,"i wish more people would see and expirience this movie of ur journey and struggles with the ultimate goal that u Reatched!!"""
Justin Kerns,Once I made it down the mountain alive I would give each porter a thousand dollar bonus on top of pay.
Frank Brown,"Epic challenge and great, inspiring  documentary : congratulations!"
Chris,"Ever since I first heard about ""The Bottleneck"", I could only find descriptions. To actually see it helps me understand the fear it causes.

Incredible video. Huge respect to all involved."
Angus__YounG,Nimsdai and their team set a record climbing K2 in Winter  and climed 14 8000m+ in only 6 months and 6 days wow
Exploration Northwest,Everyone knows Annapurna is the deadliest Mt.
Alan McAllister,"Brilliant viewing, incredible resolve all round, seriously enjoyed watching this."
Tim Alexander,That's a pretty decent hyway ğŸ˜‰
HitorMiss,How difficult it was for them to poop up there..
Ron Davis,Camera crew are above absolutely amazing!
Purified State,thanks for taking me along!
Dan M.,Amazing !!! So well done. Thank you team for bringing us this fantastic adventure
Rachel,Why didnâ€™t they show them going down? Thatâ€™s usually the craziest part
Sanni Khoninov,Great shot ğŸ’«
PÃ˜Å¤Ä„Å¤Ã– Ã•Å…ÃÃ“Ã‘,"My village is next Nanga Parbat Mountain the second deadliest mountain after K2. Both mountains are in Gilgit Baltistan, Pakistan."
Cursed soul of tut,That's too steep . Real amazing job climbing that to the Sherpas and climbers .
Ehtisham Hussain,It's too much hard but you guys are real heros ğŸ’•
william walker,Absolutely incredible!!!!
2007zodiac,"i Came to Watch the Adventure,
i left to Google â€˜first-Ascentâ€™ jackets!..lol"
Ed Trent,"K2 is beautiful.
If I go there is only to admire it from base camp."
Robert Jensen,"I'm waiting for my 80th birthday, and then I'm going to finally start training to do this."
HAID3N Official,Thank god my passion is music...
Danny H,Awesome avalanche going UPHILL at 0:36!!!
Pammy Mehay-Hydes,Amazing. Shows the strength of the human spirit !
Venkata Nagakiran Eluri,Eddi Bauer Jackets are really Superb .. I love them
B,43:18 - Alright...who poo'd and didn't pack it out.
Kristen Maher,"Congratulations to you all ! This was the best footage, most enjoyable viewing of mountaineering i have had the pleasure of watching thanks to you all  . Wow. Just holy wow. Bravo ğŸ‘ğŸ‘ğŸ‘ğŸ‘ğŸ‘ kind regards and respect from Australia xo"
Jacob Ward,Amazing journey. Scariest adventure yet.
Pranjal Sharma,i cried so beautiful documentary
iamkeir,"Wonderful video, incredible achievement, congratulations ğŸ‰"
Max Bean,"Wow. What a great doc, thanks to all involved in making it x"
Zair,Need a similar documentary on the â€œkiller mountainâ€ NANGA PARBAT!!!
Karen McPeak,"Beautiful views, great job filming the climb."
Pcan Non167,Wow wow wow! I am so glad I bumped into this wonderful movie!
Patrick McGuire,Congrats.  I was loosing my breath just watching.
Retro grade,These dislikes are out of this world.
Kerstin. Jitschin,"watched some everest summit climbing,but itâ€™s my first K 2 and itâ€™s so well done, great pictures ,congratulations to the camera guys and ofcause first great job by the sherpas,they are the best and also to you climbers and trying without oxygen and i hope you will know when you have to stop if itâ€™s necessary.good luck for the strongest part climbing down. thanks so much.best wishes to the future"
Gaia Travels,"Amazing documentary! So cool to see the journey physically and emotionally 
Plus the views are indescribable
Glad I found this!"
Anil Saharan,This is simply great â¤
Gaurav Rana,Legendary climb brother... luv from India ğŸ‡®ğŸ‡³
hocheye,Always interested  in people who put themselves in this much danger to climb a mountain! The cost and logistics involved are crazy.The pics on this documentary are outstanding and it looks like the weather was fairly good and without oxygen! You are savage!
Shane Williams,"For western climbers its the ego, for Nepali climbers its a job"
MooN_MoNkEy888,Awesome videoğŸ‘but the  bit about more people going to outerspace thAn going up k2 had me rolling over laughing so much. ğŸ˜…ğŸ˜…ğŸ˜…ğŸ˜…ğŸ˜…
Cheesus,"Due to a genetic problem, my body naturally produces too many red blood cells. At rest, I have about the same values as an acclimated climber. This causes me some health problems, but if I wanted to go to K2 I could push for the summit from day oneğŸ˜‚"
Alexander Salz,"""the feeling of being there of walking the street of the future is reallly going to be breathtaking"" wait what xd"
bikinggal1,Surprised people aren't heli-ing in to base camp
Jenna Riseley,"the most difficult thing about watching this video, is not knowing whether he is american or south african"
Z 911,Crazy people. Lots of loveâ¤ï¸
Gauche Gaucho,You guys are real heroes!
Jim W.,"Stunning scenery... spectacular video... but, I gotta say,  you guys are crazy!"
Ornella Pasini,Eccezionale soprattutto in questo periodo che voi ritrovare te stesso
Svarog EUROPE Identity,"Climbing with good people who can say it's dangerous we go back, but we will try it again, you can only be successful!"
Shakeel Ahmed,Great video. Great effort. With due respect to you all. Reminds of Messner the greatest.
Lunox Ruby hanabi,Wow! Mt. Everest & K2 back to back ; that's an outstanding feat!
Shelby Butler,Absolutely incredible. Thanks for sharing this.
Doctor Basterfield,Most satisfying summit we ever did.  Annapurna was second.  Great team makes such a difference.
Andi Moraru,This is the best K2 climbing documentary ğŸ‘ ğŸ‘Œ ğŸ™Œ  Well done and keep on counting !!
Kisan B.k,Salut xa nepali teams lai
Sebastian Szczepaniak,"I haven't seen such a well documented climb in a long time. Of course, it's also due to the current technology Mallory, Herzog, Buhl, Hillary or Messner just didn't have a small GoPro or similar cameras at the time... The details of the mountain, with the steep slopes, the Seracs and the dimensions themselves are simply incredible! You feel like you are on the mountain yourself. "
Tim Anderson,"At first I thought dude, don't you have a job . But as I watched I really admired that dude and then the rest of them. I'm happy they made the K2."
Johnny Johnny,"No offense to anyone, but I'm glad I never got bit by the mountain climbing bug lol"
Tony Morisco,"Well done, I could feel their pain as if I was there. Have done difficult things in my life time but never anything approaching this climb, I respect the drive that each one of them had to accomplish K2. The porters deserve as much credit as the rest of the team, they were the foundation that the climb was built on.  Outstanding accomplishment!"
D Heath,Imagine the bad morning breaths in the tent
dzb,Sherpas should be treated like gods for all that they do and this is sometimes saving lives.
Birthe Knudsen,Beautiful..just beautiful...
marzi pana,What a great team! Well done!! Great job
Israel Y,I would love to hear the thoughts of the porters. Anyone know of an article or video that has an interview or something of the sort from a porter?
Laurent Martin,Only one word come to my mind : RESPECT ! And thanks a lot for these so nice and beautiful imagesâ˜ºï¸
Rogers,"Someone tell him that the top is 50% of the trip, now he must be able to descend, alive"
jo ho,A+mazing!!ğŸ‡¸ğŸ‡ª
lyhthegreat,43:!8 it's amazing how the flags would still flutter in the wind despite how cold it is up there..shouldn't they be frozen solid already?
bishop sparling,Finally someone agrees this mountain is the most dangerous completing this is insane but awesome
Nabeel Akbar,Excellent you guysğŸ˜... very emotional ğŸ¥º
Elberoth,"No Nims ? I'm an Adrian fan, I have been following him on social media for years, but discovering Nims was not even mentioned was a big disappointment for me. And I bet for many others."
inflivia,"Fantastic footage. Nice one, team!"
John Wang,41:30 - summit  -  beautiful view !
Stephen Burnage,I used to work with the first Pakistani to climb K2 (Daud Beg). He was quite the man.
Lexie,awesome documentary & such inspiration that u r capable of so many things if u really want to achieve it.
SpitefulAZ,so weird to see advertisements from the top of a huge mountain.
Theoretical Vibe Mikey Porter,amazing what people can achieve well done guys
John Smith,"8+ hours up to camp four? Iâ€™d be turning around after 15 minutes, max"
Gandalf 1536,Legend ğŸ”¥ğŸ”¥
jerk de snek,I wonder if they bring toothbrushes up there... his teeth are looking more untamed than the mountain
Gus Oliveira,Amazing and inspiring.
curtis_browning,"I always like to imagine a quaint little temple atop one of these majestic mountains, maybe even  a little air bender statue lol."
Knockda 8,Wow! Breathtaking -Amazing!
mariano sanchez,Sooo.. this was just a 45 minutes ad? well done!
Petrus,incredible
GG Cat & Bella Dog Antics,Glad those porters stood up for themselves.
Farrukh Gull,U were on the roof of the world. Like touching the SKY. Stunning view at Summit. Lots of love from Pakistan.
Martin Kaufmann,Very very impressive! I am touched. Stay save have fun!
Steven On The Road,"I would say, mountains in the alps(the much lower ones) are good enough for me, higher peaks are only for watching at home."
Felipe Gonzales,Congratulations!!! Amazing job!
Karma Police,Congratulations.. but it's funny how the Sherpas are always in the shadows when they are the pivot
Rix Gaming,Film ended on the summit. Makes you wonder what happened on the way down for them to not show any of it.
A G,"Cool! Looks just like Everest but Everest is obviously a bit harder since it's higher. I climbed Everest(YES, I'M ONE OF THE FEW :DDDDD) so I guess there's no point in climbing K2. Gonna be bored probably. lol."
Thorsden556,This activity takes a special and unique kind of insanity...also makes me realize how out of shape I am.
Bonnie & Dave Reardon,Congratulations on your achievements. #ASOM
á´€É´É´á´€,what Nimsdai and his team accomplished a few days ago overshadows this. #K2Winter
Mark Jessurun,"Nice climb Guys, i couldn't do it and with all Due Respect Congratulations to the Group !! Very Powerful and Spiritually Big !!"
Oo teri,Pakistan is heaven for mountaineers.ğŸ’•ğŸ’•
Krizanathan,The hardest part is to surpass the logistical drama and focus on the beauty.
chris luehr,I WOULNT EVEN BE ABLE TO HANDLE THEDRIVE UP THERE
Snook,Waiting for the next trend - climbing mountains without sherpas. IE NOT CHEATING
Dylan Laws,"You are at the very top of the world, where only a handful of humans have been and you miss the summit...who cares, you already did something mind blowing. It's a shame the word ""failure"" is even uttered."
Sam Grima,K2  (killer mountain ğŸ” ) pride of Pakistan ğŸ‡µğŸ‡° is also visible on Pakistan currency note.
shevasd,Congratulations to you and the sherpas for this extraordinary achievement! â¤ï¸
Zena Cheng,its really inspiring!!!!
luckyman,"Wow,wow  Impressive.  Congratulations !!!! 
I wish I can go one day ."
Joe McMurdo,Got a bit of  vertigo watching  this great doco thanks
Nigel S,Thank you for sharing such awesome adventure.
Peter Forster,Love it.  I love seeing these types of videos.  It is amazingly funny to see the Sherpa's smoking at altitude.
Brian Sam,"Eddie Bauer- If you're reading this, I want to say awesome achievement and all respect to you, I was wondering when you were at the top, were you able to see or get a glimpse of Nanga Parbat in the distance, I heard it can be seen from the top of K2!!!"
Hannah Hibbah,"I hardly made Snowdonia, ğŸ˜€
you are legends wondering in Death Valley, Emperor of mountains, K-2"
Keith Mc,Climbers risking the one and only life they are going to have for an ego trip is beyond my ken.
FactNews,Love from Nepal
Jennifer Walne,"Porters barely being paid 
*Tourist*: ğŸ˜ƒâœŒğŸ»"
Peter Sochor,"just beatifull, production and weather and people . . ."
Maria Anwar,So they don't have plan to summit K2 again!
A. Kim,Iâ€™m watching this while eating a family size of Doritos and wearing pajamas Iâ€™ve been wearing for three days now
Pennypack MTB,"So to get a free Eddie Bower jacket, all you have to do is climb K2. Who's in with me?"
DespizedICON,Great job Eddie!
peter soakel,"It's the same as any life threatening addiction, you know it's gonna kill you in the end, maybe and it is all about self. Epic."
spickie31,Rally great adventure and well done!
Dav- Atar,Wonderful job by all! Good to hear Ed's voice.Well done everyone Namasta!
Rabab Lovers,Great job you guys did what billions of people canâ€™t do...ğŸ‘ i wish i could do but im scared of cold weather
hangming zheng,"The strange anime multivariately interfere because fear peroperatively telephone aboard a joyous fat. scared, hanging wax"
JJ Mir,I hope there are not building a garbage mountain in this beauty same as Everest.
Mr Smith,"Congratulations!
Rather you than me. 
âœŒğŸ»ğŸ´ó §ó ¢ó ³ó £ó ´ó ¿"
Ernesto Giron,"Me: Thinking how much time I have been living in my comfort zone
The world is open out there"
T C,Incredible!
Rothgo,11:39-11:46 Impressive views!!
Yuseng Lee,"I agree to the fight. The award, which is getting for these hardships, it is exorbitantly large. It is the joy of life. - Jerzy Kukuczka

This is why we seek thrill and adventure with mother nature."
R. Lucas,Did he say he had â€˜The Bendsâ€™ as in decompression sickness? It sounds like heâ€™s describing a gastrointestinal issue.
Yohanan Arjoon,"These people talk big but,
Without Sherpas none of these people would ever have made it up Everest.
Sherpas make the trail and set the rope and carry their bags up and down the mountain. 
They should give Thanks to Sherpas first."
Scott Aldridge,Congratulations well-done!!
Bob Rogers,More people going to space kind of blew my mind
Nimish Karan,What if one of them want to go to loo on the summit.. just a thought.
Ruud Van der Waal,Wonderfull thank you for sharing this with me. Namaste
Doug Bourdo,"Incredible.  Amazing.  Yes, a HUGE Shout Out to ALL of the Sherpas and/or Porters."
Clayton Green,I want to do a climb like this! I've climbed a lot of small mountains but how do they get away from work and bills to go do something like this? Hats off to You All!!ğŸ’ªğŸ‘ğŸ˜Š
Edward Lobb,"My first Eddie Bauer was that Bush pilot's down vest in olive. In a  now more well known ski town, it stopped traffic. There were no down vests then and hardly any 4x4's either. Great expedition and film. Thank you Eddie Bauer. I survived several extreme skis with your original parka over the vest."
Bruno Mira,What an adventure!
Johnson David Official,"Amazing video dear - Loved it please also check ""Travel with Johnson David"
c_b_a,This is just brilliant. Who has set up thr ropes for them ?
kel,awesomeness!!
SweetDrummerNrOne,I love how the next recommended video is a guy skiing down this mountain casually staring by drinking a red bull bare handed and these guys are crying with joy just getting there..
Luqman Kiani,They say everest might be the bigger Mountain but K2 is by the far the harder and deadlier climb
Googl Reviews,"Sad part is, these people are turning this beautiful mountain into a dump."
Bhoot Nath,Without you coming because you are all the recovering in the path
Maria Gabriela LÃ³pez Herdoiza,Such an inspiration to me Carlita Perez! IÂ´ll love to climb with you someday :) :)
Andrew Marshall,"The husky eggplant informally trap because lemonade conventionally attack between a insidious pilot. stiff, sweet spruce"
YES YOU SEE,Wow. beautiful!!.
Bull Zye,Trying to climb K2 as your first 8000m mountain is like getting your driver's license at age 16 and immediately jumping into a Formula 1 car. I bet the guide services insist on payment upfront.
KRLE2582,"Thanks for Sharing .)
Peace"
Wolfes Mom,"I'm watching this as I have the AC on low...and I'm freezing with a heavy blanket covering me. I don't think I would make it being on the mountains, where it's legit freezing cold lol I would pass out day 1 on expedition."
David van Niekerk,Baie dank aan die Pakistanie draers. Thanks to the Pakistani Sherpas. Sehr danke Eddie Bauer fur diesem video. Merci beaucoup.
campbellj20,Loved it!!
Matt Stevenson,"Pemba has seen some shit man
Edit: 4.4m views, those tips should be hundreds of dollars. Sherpas are treated like crap overall, no matter how much respect some individual climbers show them"
John Schoeffling,"I enjoyed this very much, thanks for sharing."
Tenzin 2,Tibetan prayer flag on the summit.
Sugandhi Iyer,Great one. Kudos!!!!
Technical Updates,Hy dear. You are so oooxam. Thank comping to Pakistan. We love you
Arlen Margolin,One thing is a blessing and that is it sure a lot easier to say thank you Kate too then thank you Kilimanjaro
Monkey Mentality,I really enjoyed watching this
Ben C,"Dude had giardia. Iâ€™ve been there; sulfur burps/farts and constant liquid shitting after a few days vomiting. Itâ€™s horrible, lasts weeks  ğŸ˜‚"
Supernova,37:45 that is one scary sight from that angle!
Intrepid Explorer,"When I was twelve - at school - I became the first Englishman, whose middle name is Charles, under the height of 6 foot, with brown eyes and a side parting to hop all the way across our playground on one foot......

At what point does this self indulgent narcissism end?"
MultiLatency,Great video!
Phani Upadhyay,Incredible ğŸ‘ŒğŸ½
Arslan Waheed,Nice documentary. Respect from Pakistan.
Julio Roldan,Amazing! completely amazing!
Sahil Ali,One day I will climb K2 Ø§Ù†Ø´Ø§Ø¡Ø§Ù„Ù„Ù‡
Mercy Shaver,True adventuresâ¤ğŸ‘ŠğŸ¤™
Arlen Margolin,I always liked the way K2 built skis and supposedly the ski by the name of p r e were actually my favorite ski but I believe they were made by K2 and they were an expensive wood core ski totally responsive fast great and powder good to cruise but I never realized all those times I looked down and saw a K2 I never realized how much it really meant
vxenon67,Why do people climb mountains?  Because it's there.
Winston,Excellent teamwork
Faisal Shahid,"Welcome to Pakistan. You will find yourself at home amid these majestic mountains. It is where you will at once lose and find yourself. And once you reach the top, you will become an inseparable part of the land around you."
Cinematic Cut,Who filmed this? â˜ºï¸
Grace Gracels,Scared to watch this because Iâ€™ve just finished reading Freddie Wilkinsonâ€™s One Mountain Thousand Summits - The Untold Story of Tragedy and True Heroism on K2
Griu official,Great adventure
Lulu Dads,Congratulations !!! what alse....
T. Rose,"If I could pay thirty thousand to climb a mountain, I would tip my porters and guides thousands."
Hannah Hibbah,Well done guys.
Serkan 180cc,Respect very nice experience
Tina Reutin,Amazing is right. Thx for the trip of lifetime.
Phil M,Getting to the summit is just half way.  You gotta get down too without croaking.  And it ain't easy.  Hard enough for me on USA mountains.
MWan An,Congratulations dear. It's more than herculean task
gary rhodes,Rienhold Messner all i have to say
Arne Deschacht,Wonderfull piece of a documentary
Mike B,good stuff
Rad Rhat,"The melodic moat resultspreviously shave because zipper beverly print towards a wretched mountain. resonant, scientific washer"
Mudassir Rauf,K2 is the real pyramid of mountains.
The Luc1f3r,Looks ez the just go up and drink coffe at many camps :D
bijan film,Amazing film and story of resilience and courage
Taslim Hidjaz,"Amazing,thats my hobbies"
D Kapoor,Amazing!!
gillesnuytens,Great documentary! Congratulations to all of you and your hard work! But let's give a shout out to Ed who climbed all 14 peaks without supplemental oxygen meanwhile being such a humble person.
Ladakh Travelogue,I live in the Himalayas! âœŒï¸
i suck at guitar,"That's cool. I drove on part of that road back in 2001 from Mardan to Sost! Don't think I saw K2 but saw Nanga Parbat & Rakaposhi on my road trip with some local friends. Fab trip, beautiful views!!"
Linden Arden,Its my understanding that Eddie Bauer jackets and tents were used on this trip.
Warnings,Incredible documentary.
Aldrin Entiavlog,"Everest- i am the tallest and people died to conquer me 
K2- hold my Black Pyramid..."
R G,"K2 is the most stunningly beautiful, most awe-inspiring, most challenging, most treacherous, most terrifying, most intimidating, and overall the holy grail of any true mountaineer. Congratulations to you all, absolutely epic accomplishment, you guys are for real ğŸ§—ğŸ»ğŸ§—ğŸ¼â€â™‚ï¸.
Great story and production!"
Crichjo32,This is basically the most epic advertisement for a jacket I've ever seen.
Simon Ritchie,Awesome video!
Enes UluÃ§,07:24 Kesin fidayda oynuyorlar ğŸ‡¹ğŸ‡·
Delta Drones Iceland-Brazil From Above,Awesome!
Mink,Ive had nightmares about this mountain and falling or almost falling . I swear i was a high altitude climber in a past life
Pak Ngah,Awesome!
Ken W Anderson,CRAZY DANGEROUS!  (I wish the successful helpful Sherpas had been given more adulation.)
Kostantino Psilakis,Listening to the mountain how about listening to Common Sense
Princess of Nusa,"Woooww been thinking about doing this for years, but keep question myself if i can do that or not. Must be not easy climb !"
Computer Tricks Trilogy,Im gonna climb this thing oneday
Mark Guy,I have hypoxia and altitude sickness just watching these climbers. I couldn't imagine being able to do this kind of expedition.
RGB,When they almost get to the summit I just want some rad bro to fly by on a snowboard with a monster energy drink . SHEEERPPAAA BRAAA!!!!
zootsootful,"What's the highest summit ever conquered through a solo effort, without oxygen assistance? Anybody?..."
Summoner 9,I would have just ran from base camp to the summit. Guess i'm just built different idk...
New Jeffersonian,"In terms of climbing there are only two categories of mountains, all the mountains in the world and K2."
munim farooq,There was a moment somewhere midway through the doc when i felt you guys won't make it to the top. But seeing you guys make it at the end despite all the odds being against you really means something. Team chemistry was brilliant and the feel good spirit among all of you was there for all of us to see.
Robin Jackson,"Hows the fund? The adrenaline rush i have, it blows away every time i think about funds!"
Abdullah 's,How to start climbing should take it in sections Like first base camp 2
ALEXANDER LAWSON,Stunning place but I sure would'nt want to go any higher than base camp.
Rones Carlos,Show
seattle fishing,How many days do they wear the same socks?
DZA,Ø³Ø¨Ø­Ø§Ù† Ø§Ù„Ù„Ù‡ ØŒ Ø§Ù„Ø­Ù…Ø¯ Ù„Ù„Ù‡ ØŒ Ø§Ù„Ù„Ù‡ Ø£ÙƒØ¨Ø±
Sapien Manas07,this seems so ez to nepalese lol.
ALL iN ONE,My beautifull PAKISTAN ğŸ‡µğŸ‡°ğŸ‡µğŸ‡°ğŸ‡µğŸ‡°ğŸ‡µğŸ‡°
Joe Smith,"If you havenâ€™t noticed, climbers have the biggest smiles. Must be something to it."
Julie Gorham,"I'm am in complete AWE, and gratitude for you. Thank you for giving me courage to face the mountain."
Manjunath Ballur,This is a beautiful documentary on K2.
Simon Classe,"I clumb a montain of 1500m in Spain, that was so cool, I now plan to climb K2 in 6 months :D"
SilkyJohnson,10:47 Land Cruiser tires are absolutely bald.
Melanie Meyer,I would love to see a 3 or even 6 hour version of this magnificent documentary
denis langlois,amazing !!!!!!! Thank you so much
Joyvelle Enerlan,Fucking amazing!!!!!
Black Forest Travel,WunderschÃ¶ne Doku!
Roaclub Baciova,I sottotitoli please
Fun movies,mashallah Pakistan is so beautifulğŸ’–ğŸ’–ğŸ’–
Zaki Basra,Im pakistani but i havent visit k2 basecamp everğŸ˜ª
Î”Î¹Î¿Î½ÏÏƒÎ¹Î¿Ï‚,"To me it was interesting, thanks;)"
Re-Mecs,that was the longest advert ive ever seen ever
Amparo Schober,My dad swears this is how he got to school every morning
Edward McClung,"""$2 is too little. $10 or $15 to carry your pack for 6 to 7 days of hard hiking and climbing"""
Gabriele Deiana Music,"First team that reached this peak was italian with Laccedelli and Compagnoni, but the true K2 hero was Walter Bonatti. Find out the history of this 1954 expedition and what did Bonatti..He spent the night in the side of the mountain without protections and then saved the Sherpa that was with him.. a real superhuman!"
LuckyLicks,20:31 We really need to be healthy ... while eating Nutella
haider hassan,I'm Pakistani but I have never traveled to K2 side even not gailgate baldistan ğŸ˜”ğŸ˜”ğŸ˜”
Hodgey Hodge,RIP Ueli Steck :(
kevin floyd,amazing documentary. very inspiring. was trying to find that specific red jacket from  Carla Perez?? can someone help me find it . its not on the official website.
