,This is the best documentary Ad for a jacket ive ever watched GG to the climbers and sherpas,0.5,0.15,1
,Im cold just watching this Scary ,-0.55,1.0,0
,Wish theyd talk about and show the descent Did they sleep at camp 2 or just powered all the way down,-0.15555555555555559,0.2888888888888889,0
murdo182,Its kind of sad that the majority of people dont realise Nimsdai Purja and team fixed the rope and led the trail blaze to the summit prior to the team in this documentary going for the summit they literally waited for the work to be done and didnt give any credit or a mention at all in this film,0.039999999999999994,0.42000000000000004,1
zak benmalek,My dad swears this is how he got to school every morning,0.0,0.0,0
Chess with Suren,wondering what camera did they use for filming this video,0.0,0.0,0
Myra Modregon,Two dollars is a bad tip at a restaurant And people think its ok to tip their guide 2 for carrying their luggage up a mountain for a week ,-0.09999999999999992,0.5833333333333333,0
Plantogenet ID,Please pay your porters well and treat them with utmost respect They deserve it,0.0,0.0,0
Snooker147,Climbing gear and permit 20kTip for porter for a week long trek Most I can do is 2 dollars,0.225,0.45,1
S G,Who is here after Nepali mountaineers climbed k2 in winter ,0.0,0.0,0
Hamas KhAn,K2  Pride of PAKISTAN ,0.0,0.0,0
Tony Li,Sherpa carried all of the gears and you can carry the glory of success Good Job,0.5,0.30000000000000004,1
Liftnd,Sherpa be like 2 more than I make in the sweatshop sewing for Eddie Bauer,0.5,0.5,1
Vishwa,43 seriously for 7 days trek in such hostile conditions with huge luggage on their back they were paid just 2 A coffee in Starbucks costs at least 4 This is seriously an inhumane way of exploiting poor people who take a huge risk for others luxury,-0.14166666666666664,0.6083333333333333,0
Hk 4lyfe,The nice thing about K2 is that unlike Everest it scares away all the casuals thus preserving its prestige,0.6,1.0,1
Safar and Travel,These people pay  50K expedition fee plus equipments for another  50K to  100K What they do not want to pay is porter fee who actually enables them to reach to K2 Those poor people have only 2 months of earning in a year when expeditions start Still after travelling to this far these climbers do not want them to pay atleast  50 What a shame,-0.07500000000000001,0.675,0
F F,Imagine putting yourself in a lifethreatening situation on purpose,0.0,0.0,0
Sanggelje sherpa,I am proud to be SHERPA,0.8,1.0,1
yaramar34,Kudos to the 10 Nepali climbers who have just become the first to summit K2 in the winter ,0.25,0.3333333333333333,1
Raymundo Gonzalez,Being on the edge of life makes you truly feel alive,0.1,0.4,1
barrett hendrix,Seems like the hardest part of the climb was paying the Sherpas,0.0,0.0,0
hassan ahmad sheikh,I am living just 10 hours away from this monster peak but havet ever think to climb ityou guyz did itseriously this is courage,0.0,0.0,0
Hamas KhAn,        ,0.0,0.0,0
sryfodaweight,How can people only tip them 15 dollars a bag for a whole week Thats so disrespectful and tells a lot about the people,0.1,0.7,1
I M FROM PAKISTAN,Congratulations to Nepal team for summit k2 in winter season 2021 for the first time,0.25,0.3333333333333333,1
Hrithik Srivastava,Carry your stuff next time yourself and tip yourself 2 at the end of the trip,0.0,0.0,0
Sujan Gurung,I am here after my fellow countrymen summited the K2 in winter An amazing feat in the history of mountaineering And one of them did it without supplemental oxygen,0.6000000000000001,0.9,1
Ruben Louwagie,porters well compensated  a bit more than 10 dollars,0.5,0.5,1
blueberry smasher,RIP Spanish mountaineer Sergi Mingote,0.0,0.0,0
Muhammed Shahzaib,Nepali Sherpas break winter record in quest to climb K2  Pakistan,0.0,0.0,0
Nepal Nepali,Finally Nepali Shrepa 8 brave brothers did this world recordproud to be Nepali Jay Nepal ,0.4,1.0,1
Nate Wylie Studios,Me watching tv ugh I hate this annoying 15 second adMe on YouTube watching 45 minute ad wow that was awesome,-0.1,0.76,0
Ron McNeely,Was there in 1986 The death troll was sobering,0.0,0.0,0
Shahbaz Ali,This is proud of Pakistan  K2,0.8,1.0,1
Kunal Chhetri,This is by far the best documentary Ive seen,0.3666666666666667,0.43333333333333335,1
Svitpo P,as a son of the youngest person to ever walk on this mountain i am honord that this documentary was made thank you  and yes i dont know how i exist,0.0,0.0,0
Jack Hewitt,The soundtrack alone was gorgeous The documentary was extraordinary Thank you brave men and women Im glad you succeeded without injury,0.4666666666666666,0.78,1
F F,So he trusts the people implicitly but not explicitly I find that reeeally strange,-0.05,0.15,0
Israel Sarabia,Lets give a big ShoutOut to Sherpas that made things more comfortable to accomplish this expedition They deserver the same credits as everyone else,0.225,0.38125,1
RK831,Good that the summit is not as polluted as Everests,0.7,0.6000000000000001,1
K1ng Ar2ur,2 dorrar tip  Ffs thats some stingy shizz right there,0.2857142857142857,0.5357142857142857,1
Артём анов,Im watching this while eating a family size of Doritos and wearing pajamas Ive been wearing for three days now,0.0,0.0,0
Ritesh Lyndell Beepot,This Documentary needs an award The visuals are outstanding,0.25,0.4375,1
Dave Harris,Why am I smiling and crying when they reached the summit damn that was beautiful,0.32499999999999996,0.8,1
much love,This guy Pemba is in every mountain climbing documentary Ive ever seen,0.0,0.0,0
Justin Covert,Supernatural superhuman strength  mans womens will  brings a tear to my eyes  Beautiful place,0.5083333333333333,0.7833333333333333,1
Shayne Sim,I swear I will not ever congratulate myself for climbing out of bed on a cold winter morning to drive to work again,-0.6,1.0,0
Cliff Prowell,Well I was feeling pretty good about WALKING 10 miles yesterday Not to brag but also without supplemental oxygen,0.475,0.8,1
Tea Aung,And that one polish guy had the audacity to ski down descend,-0.15555555555555559,0.2888888888888889,0
Thomas Franz,I would hate to do that climb at night,-0.8,0.9,0
Cesar War,At that altitude without oxygen and Carlas voice sounds like a super human Incredible Congrats,0.41111111111111115,0.5555555555555555,1
F F,You need the experience you need the experience you just need to be fuking crazy lol,0.10000000000000003,0.8,1
Sikkimese,I dislike how the climbing community doesnt give the sherpas the true credit and respect that they deserve pretentious bunch,0.024999999999999994,0.675,1
shazlfc ronaldo,Pakistan is a beautiful country full off everything with amazing scenery  And god bless you guys good job very brave ,0.7,0.8100000000000002,1
Happy Trigger,Modern peak crack Needed the whole support team to push meReinhold Messner Needed to push my sole supporter,0.13333333333333333,0.31666666666666665,1
Ethan Woods,My parents when I complain about my walk to school also respect these camera men,0.0,0.0,0
Umer Mushtaq,I also has a plan of summit K2 one day InshAllah ,0.0,0.0,0
doremidoredo doremifasol,Pay the porters dont take advantage of them through economic exploitation and depravity,0.2,0.2,1
Jonathan Magana,Her talking about close to death is me talking about acid,0.0,0.0,0
Juan Sebas C,Very proud of Carla in Ecuador  Is a shame that few people here know this achievement,0.4,0.55,1
Matej Juhás,Mountains are not fair or unfair they are just dangerous Reinhold Messner,-0.48333333333333334,0.9333333333333332,0
Holy Unknown,Congratulation to Napali climbers and all Sherpas ,0.0,0.0,0
Kimberly Oropesa,I cant even stand on the refrigerator doors on the supermarket while finding some hashbrowns for 1 minute Dude salute hahah,0.0,0.0,0
Tyler Hagan,Im taking my small company teammates on the next doable AlpenGlow expeditionthe ending of this documentary just sealed the deal for me  Congrats to AB Carla and Topo for inspiring me to pursue climbing more and leave my normal routines of sports swimming and being a nerd  Yay,0.15,0.425,1
Mary Golfer,I have to check my oxygen level with pulse oximeter while hearing his breathing This woman is extraordinary,0.3333333333333333,1.0,1
Jawad Ahmad,Just love this documentary  As its hard to summit k2 but its my dream  to reach at base camp,-0.1479166666666667,0.5354166666666667,0
Pacino972,Seems like the hardest part of the climb was paying the Sherpas,0.0,0.0,0
Muhammad Shoaib,You become a mountaineer to the world when you summit Everest but you become mountaineer in the eyes of mountaineers when you climb K2 By the way Nepalese Sherma group made history few days ago by summiting K2 in winter,-0.2,0.1,0
Rj Chavers,Im so happy for all of them Thank you for posting this and thank you Eddie Bauer for sponsorship of their expedition,0.8,1.0,1
Jonathan Mendoza,Climbing K2 is actually Survival of the Fittest Not all become victorious,0.0,0.1,0
shaunsprogress,Honestly Ive read every expedition someone nearly dies of food poisoning I would literally cook and clean everything myself,0.35555555555555557,0.6666666666666666,1
Gauthinours,I think Eddie Bauer and his team forgot to say something so I will say it on their behalf Thank you Nirmal Purja and your team for breaking the trail and setting the fixed ropes No Nims no Eddie Bauer summit,0.1,0.2,1
Edward Bright,When you cant breath its time to not go there If oxygen dont want to be thereneither do I,0.0,0.0,0
It was Flavor-aid,Before seeing himi knew who that voice belonged to in the opening  Adrian has such a unique calming voice,0.1875,0.75,1
Vm Abijeet,4002 This moment is so special because only a few in the entire human race has been able to achieve what this guys have just done He sports a drop of tear on tje top of the hardest mountain in planet earth trying to come to terms with the vastness of life and the mountain beneath his shoes ,0.16530612244897958,0.503061224489796,1
IK Khan, I am a Pakistani which I am proud of But I am living in Germany for 20 years And I am from the same area of K2 Terch Meer Nanga Parbat and etc And I want to say please keep visiting Pakistan Northern areas But please try to keep over mountains clean I want to say you are great  people God bless you  and save you always ,0.4916666666666667,0.64375,1
Angie C,Porter are just trying to make a living man risking their lives for your adventuring I cant imagine not tipping them well,0.0,0.0,0
Sky Samson,I barely want to get out of my bed every morning,0.05,0.1,1
Cali Loyalty,Wearing my jacket in bed just watching this,0.0,0.0,0
Prima Primavera,    Love from Russia Thank you for this inspiration ,0.5,0.6,1
Mahdi Mansur,And the most amazing thing is that the Narrator at the beginning of this documentary has climbed all 14 of the over 8000m mountains without supplementary oxygen,0.3666666666666667,0.4666666666666666,1
Casey and Breelyn,Are you serious a 2 tip Even 1015 is too low I was thinking more like a 100 tip They literally do EVERYTHING for you Thats so sad the porters deserve better,0.03333333333333334,0.5933333333333334,1
Paul Liddle,Pemba That dude is a hero and a living legend,0.0,0.0,0
aboutface102,I cant imagine climbing all the way to Camp 4 just to go all the way back down to basecamp again then have to do it all over Mental toughness right there,0.007539682539682527,0.25615079365079363,1
MICRO-REPAIRS LTD,Looking out of a window of a tall building is high enough for me,0.08,0.52,1
Edwon Rodrigues,The nice thing about K2 is that unlike Everest it scares away all the casuals thus preserving its prestige,0.6,1.0,1
Nomi,Love from the land of K2 Pakistan ,0.5,0.6,1
Eugenio Rivademar,Absolutely breathtaking documental  Ever seen   The bottle neck pass is scaringggg   Actually all the beast is scaring  Congrats to all the team that made summit  And most of all to the cameras  People that we dont see but they made this film possible  Shapooo guys ,0.375,0.65,1
Daniel Murphy,those faces look like theyve been chiseled by the wind,0.0,0.0,0
James Price,im sitting here crying n i didnt summit so glad u made it,0.15,0.8,1
jabir abbas,K2 means NEVER again DEAD OR ALIVE,-0.05,0.4,0
Mir Shabir,Its emotional coming back from top of mountain I just love mountains theyre calm and peaceful,0.25833333333333336,0.5,1
Why oh Why,Its crazy that they are so high up that you see the atmosphere disappearing into the blackness of space,-0.21999999999999997,0.72,0
Rey Hang,I wonder how many attempts ended tragically that Eddie Bauer isnt showing,0.5,0.5,1
Jeff Ward,Seems like even getting out of base camp would be a significant challenge with the bad weather coming on Id love to know more about what happened after the summit,-0.025,0.7283333333333333,0
"On My Lunch Break, Sorry",Guys I know were dying of oxygen deprivation but we need to pose for a couple more product placement shots After that were on to the summit,0.5,0.5,1
Jungey Khanal,Bro now nepali sherpas conquer this mountain just check google,0.0,0.0,0
Muhammed Shahzaib,Best wishes for Tamara Lunger Trying to Ascend on K2 THE KILLER MOUNTAIN in winter without oxygen Huge Respect From Pakistan ,0.7000000000000001,0.6,1
Rick J,Without the Sherpas there would be no climb,0.0,0.0,0
FrankStar 830,My great grandparents said they would have to climb up here just to lick the salt deposits,0.8,0.75,1
Ralen Codlin,Amazing of these group of climbers Your team puts you in a moment that you will never regret it  What a journey,0.6000000000000001,0.9,1
Paddywiggle,Out of every 4 people that summit 1 person dies wait a minute they have 5 people in their group ,0.0,0.0,0
Robert Pilkington,What an amazing achievementIm in awe of Adrian and Carla and all the Sherpas,0.6000000000000001,0.9,1
Nick Heebsh,Couldnt have gotten anyone better to narrate  literally the man who wrote the book,0.5,0.5,1
Steve B,Everest is like driving to the mall  They dragged Sandy Pittman and her purse to the summitt,0.0,0.0,0
aroundandround,My extremities would freeze at these extremes,0.0,0.0,0
benjamin white,Its weird how dark the sky is up there,-0.325,0.7,0
Sajida Nadeem,Absolutely excellent congratulations to all on such an amazing achievement You are all so motivational in this epic journey Well done,0.42500000000000004,0.7,1
Jorge Reynal,I couldnt stop weeping Incredible story Very well told Very well directed Superb editing Great score And above all amazing characters who succeeded against all odds The true human spirit untouched,0.44999999999999996,0.5555555555555556,1
Meer Sahab,Its hard to climb K2  i salute you all of you,-0.2916666666666667,0.5416666666666666,0
D Eiloart,Has anyone seen Everest beyond the limit because Adrian was in that And that was amazing I cant put it any other way,0.23750000000000004,0.6375,1
zaki rajput,Im from Pakistan and if the day is clear I can see the peak from my home,0.10000000000000002,0.3833333333333333,1
Mo Khan,I could remember I went to Pakistan from Uk I met 4 very lovely people in the aeroplane I was just chatting to them they told me they was going pakistan to climb K2 when I came back after 2 week from Pakistan I saw the same people on news that they have died while climb K2 which shocked me,-0.012499999999999983,0.47500000000000003,0
Toby Vive MTB,Its just the light coming to me Id know how to get to her ,0.4,0.7,1
Dhruvraj Rathod,Literally Ive got goosebumps for 2 min And my eyes got wet even though Im at my home,-0.1,0.4,0
_georgee_,This make you really think about how ambitious humans can be thrusting your own instincts and limits its just amazing,0.41250000000000003,0.7125,1
Alessandro Firmani,How and why tf wouls someone not like this Is really inspirational ,0.5,1.0,1
Swapnil Salve,The snow was so bright that i had to wear sunglasses while watching this video,0.7000000000000001,0.7999999999999999,1
31 fishon,Wow 09 in these trips most of the time you are close to death so you want to enjoy more of your life never realised how close to heart this is as someone who climbs till she said it word man,0.375,0.625,1
Marc Gaines,Im glad he managed to hold onto the Raccoon,0.5,1.0,1
Richard Inman,The mountain gods were smiling guys Well done,0.0,0.0,0
Biko Ös,i just wanna climb here i am preparing myself for this K2 we will meet,0.0,0.0,0
T BZ,1241 The more you pay the less you carry,0.16666666666666669,0.2833333333333333,1
C yzl,Whenever I see these videos I think of another video that documents the locals risk their lives to clean up the huge amount of garbage left behind by these climbers,0.0916666666666667,0.575,1
shahid nadeem,Excellent Supermade humansno doubt,1.0,1.0,1
Proud Pakistani,One of the best expedition I really appreciate your hard work Team coordination K2 is really a deadliest savage mountain on earthLove from Pakistan ,0.2770833333333333,0.3104166666666666,1
thatsdisgusting,Well done I  didnt realize this is an ad until they reached the summit,0.0,0.0,0
Bhushan Salgar,Chosen are the ones who live their dreamsHats Off one doesnt conquer a mountain the mountain embraces whoever it choses Congratulations,0.13636363636363635,0.5,1
Azam Tariq,My life for Mountains,0.0,0.0,0
Timo Steve,Holy shit this woman Carla is one hell of a badass,-0.2,0.8,0
hania khan,This one here is the most beautiful and perfect summit of K2 for me,0.7833333333333333,0.8333333333333334,1
Joeseph Yunna,The accidental mascara multivariately jog because floor transmurally last between a wiry america ludicrous joyous eye,0.0,0.06666666666666667,0
articuno03,Imagine there was a big slide at the top to take them down,0.11481481481481481,0.2962962962962963,1
Troy Johnston,So how did you prepare for this massive undertaking Well uhh we hoped for good weather,0.35,0.8,1
Wally McGuire,This is absolutely incredible I long to be there while knowing it will never be Such an incredible accomplishment,0.4375,0.675,1
I miss 2019,I wish I can do something like this I dont have the means nor the energy,0.0,0.0,0
Stocks and Coins,I will only stop when the mountain tells me soArrives at base camp seeing a huge avalancheAlright lets go,-0.13333333333333333,0.9666666666666667,0
Dani,Next season on The Grand Tour Can we get to the summit of K2 in a heavily modified Toyota HiLux ,0.09999999999999999,0.5,1
Rowan,when he got sick this got too real Every single backpacking trip I  go on none are as intense I get terrible anxiety worse than i deal with on my day to day So the anxiety makes me sick and when you add that with beans going bad and half the group coming down sick Its not good Definitley relate to being sick while in the backcountry,-0.4077533577533577,0.6357753357753358,0
Paul Kane,Best documentary I ever seen on YouTube  What a great watch and  incredible group  It seems you all will have a life long bond after this incredible journey together  Much thanks for posting,0.5357142857142858,0.4928571428571429,1
Lance Henry,Omg crying tears of joy for you such mind over impossible thingsincredible climb almost into space Thanks for bringing us alongniceX 1000,0.026666666666666693,0.5,1
Cucu Ca,All those 4 legged beings deserve recognition  as well carrying on their back all the heavy with their delicate ankles in such hard unforgiving surface Praise to them as well,-0.15833333333333335,0.4883333333333333,0
Dhananjay Singh,Im a simple man  I love the mountains view from the foothills only  Save money and save life,0.16666666666666666,0.6523809523809524,1
Limish John Mathew,One day If God allows one day I will summit K2,0.0,0.0,0
Ronaldo Oliveira,Im here after the ending of Kokou no Hito lmao,0.6,1.0,1
Peter Wu,The real question is  who took up all the ropes,0.2,0.30000000000000004,1
Eddie Gooden,This guy is such a legend,0.0,0.5,0
Ali Rizvi,a 46 min proof of concept ad or a jacket ,0.0,0.0,0
Luis Romero,RIP SERGI MINGOTE ,0.0,0.0,0
Thuy Ly,Lots of love  to the Sherpas  They deserve the best Good luck to you all I wish you a long life with good health  Thank you  so much for the video Please could you do more documentaries about the life of the Sherpas and the mountaineers this is so interesting Best documentary for Covid time too ,0.5050000000000001,0.4,1
s r,The Sherpas are the true stars of this,0.35,0.65,1
James Sherrow,I wonder if you could skydive to the summit,0.0,0.0,0
Docfpv,All I can say is WOW I Thank you for sharing this with the world  ,0.1,1.0,1
erp na,Respect for highly dedicated and honest team players  Sherpas,0.38,0.72,1
Muhammad Ali Shahrukh,Best documentary so far on K2 climb The savage mountain seems to be the ultimate challenge Its in a very beautiful part of Pakistan up north in Gilgit areas,0.42000000000000004,0.6599999999999999,1
martin sloan,I dont like hobbies where the goal is to stay alive,0.1,0.4,1
cedric liggins,Much respect to your father It shows how much he and his generation valued education I commend your father for his perseverance and dedication In ones pursuit of a higher education the will of the human spirit to succeed in spite of obstacles is an intangible aspect that has to be considered Once again I salut your father Zak benmalek,0.12,0.2,1
lyndia cutler,That was the best mountain climbing video i have ever seen thank you so much and so happy you all made it down safely,0.4688888888888888,0.45777777777777773,1
Sam Holder,this is spectacular 100 percent success on K2 after 95 percent of climbers abandon Well done team Well done,0.44999999999999996,0.45,1
Scott Stokes,You know what I dont care how awesome this might be your suicidal,1.0,1.0,1
P Jay,seeing this shows how big of an achievement Reinhold Messner achieved climbing ALL 14 8000m peaks without oxygen,0.0,0.1,0
NickOnComputer,This was a somewhat interesting Eddie Bauer ad,0.5,0.5,1
Lustige Sache,Everytime i watch These documenteries i recognize how small i am over and over again,-0.25,0.4,0
KCBkotastrophie -,Holy shit YouTube algorithm actually Recommended Something Im Extremely Interesting and Intrigued about Wow ,0.1,0.6,1
banmadabon,So Basically they pull their self up on ropes installed by Sherpa,0.0,0.0,0
Jonathan Stewart,Brings back memories I was there in 2001 did the trek over Gondoro La hiking along with K2 and Broad Peak and Gasherbrum climbers  With as many climbers as 2019 I can imagine the porter situation was a shit show literally and figuratively But its nothing new Porter revolts are a yearly event coming as no surprise to anyone Smaller trips like mine bring in trustworthy porters from Skardu pay them double and dont worry about being left holding your bags But you cant do that with a large expedition But even when I was there two decades ago K2 had already begun its inevitable march towards Everestlike commercialization Not mentioned in this video is how all of those static lines are set in advance for our heroes to climb for the video,0.11028630460448641,0.44505608028335303,1
A1MYT MCOC,As usualthe locals are exploited and never given credit,0.0,0.0,0
Andrew Gackenbach,Loved it but wouldve appreciate a special acknowledgement or something for Nims highly doubt there is a summit without him and his team,0.4057142857142857,0.6371428571428571,1
Amir Shah,Different between k2  Everest K2 has 60temp  Everest has max 40 so weather is most dangerous to climb,-0.033333333333333326,0.6666666666666666,0
TheRabbitFear,They spend thousands of dollars getting there but dont want to tip their sherpas 10,0.0,0.0,0
Moneca Savoie,This is the absolute last thing I would ever want to do ,0.1,0.48333333333333334,1
WhenDucksAttack,Great Film I loved the brown pee hole on the summit at the end Thats real mountaineering P Awesome job guys,0.675,0.7125,1
Light Bulb Goes Off,3725  Im afraid the wind might have frost bitten my cornea so I cant see out of one eyeDoesnt matter its awesome   That my friends is madness defined,0.2,0.95,1
Hassan Shaukat,Thats the beauty of Pakistan  ,0.0,0.0,0
Naveed syed,Porters have huge balls to carry loads for days in the toughest terrain on earth,0.4000000000000001,0.9,1
Johnny Dong,90 of recent comment spam Give sherpas more respect,0.25,0.375,1
Thirsty Terror Tuna Taco,This small lady from Equador has GIRLPOWERRRRRRR  3,-0.25,0.4,0
koofdome,Meanwhile I get tired climbing stairs,-0.4,0.7,0
Anthony Costa,I kinda wanna go buy a jacket right now,0.2857142857142857,0.5357142857142857,1
Kriwo,And then there is this guy who skied down that monster,-0.15555555555555559,0.2888888888888889,0
MotorBikeTV,One the best short films I have ever watched  absolutely incredible scenery determination and videography  thank you  thank you xx,0.6333333333333333,0.5,1
Colin Dalgard,I want to go until the mountain tells me I cantignores every single warning hahaha,0.0642857142857143,0.30714285714285716,1
Music With Character,Im speachless I hope one day I will be able to climb K2 Im not a professional mountaineer but climbing K2 its my life dream,0.225,0.3625,1
Marcus Akers,Kudos for not leaving a bunch of oxygen cans lying around Good job,0.7,0.6000000000000001,1
Busy Riding,People think its easy its not Theyre so good they make it look like a piece of cake,0.5666666666666667,0.7166666666666668,1
caos one,We hikers like to say embrace the suck but damn this is outright torture and madness This level of dedication to a goal is really impressive,1.0,1.0,1
HKN,A great documentary to watch in years,0.4,0.375,1
Kisan B.k,Congralations dada haru jai nepal ,0.0,0.0,0
Space Dandy,I just read a manga called the climber and it was amazing If you want to read a amazing journey to the top of k2 i recommend you start reading,0.5666666666666668,0.7666666666666666,1
Nicolas Bardo,DamnI got sick at 12k feetcannot fathom how hard it becomes at 20K or higherughhhhh cant breathe,-0.5029761904761905,0.6994047619047619,0
shangee tibodo,dear eddie bauer  once again ONLY  the amazing sherpa work up high made this possible   give them a suit and put them in the movie    shameless,0.19000000000000003,0.86,1
Aatif8,Big respect to the workers who take the climbers gear to basecamp on small salary,-0.125,0.25,0
andiaw,Just amazing Great accomplishment,0.7000000000000001,0.825,1
jage,U R walking up the length of 8 New York Empire State Buildings Id rather sit here in my warm comfy chair drinking tea Beautiful footage Fantastic SHERPAS,0.4965909090909091,0.7386363636363636,1
M. D.,As many mentioned this push to the top would have been impossible without the help of Nirmal Purja and his team who made the track in the thick snow before Adrians teamIt still is an incredible accomplishment without ox but it would have been fair to mention Nims effort and the fact that it wouldnt have been done without it,0.2722222222222222,0.7125,1
The DreemChaser,Beyond an amazing feat Definitely on my bucket list ,0.30000000000000004,0.7,1
Tamara Tserennyam,So cool  challenging  and adventurer  thank you  brave people  Carla is so precious,0.5375,0.9125,1
Just a sec,Am just glad I had only to press play and get to the summit in 45 mins,0.25,1.0,1
Pankaj Banne,I see So this is how the heaven looks like,0.0,0.0,0
Casey and Breelyn,Im still mad at how under appreciated Sherpas are They literally do ALL the work and never get credit These mountaineers that go and attempt these mountains stand on the back of all these sherpas Sherpas make the camps place rope carry gear etc all the regular climbers do is follow the ropes up,-0.10625,0.29423076923076924,0
Juan Valencia,Soooo sick  much respect go Ecuador ,-0.2571428571428571,0.5285714285714286,0
James Hoad,It was tough work to get up the stairs just to put my phone on charge so I I could watch this whole video in my bedroom Im glad I made it Now I just have to make it back down safely n hopefully there might be a bacon sarnie waiting for me in the kitchen when I make it back to base camp ,-0.01805555555555556,0.5027777777777778,0
Bishal Shakya,Kudos to all the one who reached summit and hats off to all who tried The best expedition video Ive ever watched Lots of love from NEPAL and best wishes for remaining expedition HATS OFF SIR,0.8333333333333334,0.39999999999999997,1
Pulkit,Ok i wanted to climb K2 but now thats off from my bucketlist ,0.5,0.5,1
Lifecast Prime,I made my first hiking video It sucks I know but the journey of a thousand miles starts with the first step       More to come,0.175,0.36666666666666664,1
Annoying Hacker,Mashallah beauty of  Pakistan k2 mountain also rakaposhi mountain,0.0,0.0,0
Loop Hole,i go until my inner person says wtf are u doing lol,0.10000000000000002,0.6222222222222222,1
Michael Delaney,Beautiful and inspirational thank you for sharing this magical tale truly amazing,0.6125,0.975,1
Ronnie La,Why do I feel like I listened to this same story on another vid with him Or have I been here twice,0.0,0.125,0
Alan Severn,Blessed journey Exceptional decision making especially the final one not to attempt K2 again Enjoy life stay safe Friendship is everything,0.31333333333333335,0.8,1
Thordur Hognason,Jon Snorri  is now on his way des 2020 climbing k2,0.0,0.0,0
DA Lawman,This shows you how guys like Ed Viesters were so amazing He did all 14 of the 8000m peaks without supplemental oxygen,0.6000000000000001,0.9,1
Bardya Amirparviz,1852 this is just to remember my time,0.0,0.0,0
Biggy Boris,324 i know he is wearing goggles but really lmao dude on the right,0.44285714285714284,0.7678571428571428,1
Rafael Sanchez,Este verano si las condiciones son buenas intentar el Tibidabo por la cara sur Con dos cojones,0.0,0.0,0
waqar waqar,I heard about you guys on news bravo i loved this video and your courage and braveryimagininv whar it would have felt raaching out to k2 summitcongrats,0.7,0.8,1
drail80s,Wow What a Story So much heart determination steadfast,0.23333333333333336,0.6666666666666666,1
Anna Mardo,So beautiful Thank you for sharing this experience,0.85,1.0,1
Pablo Gonzalez,Bravo,0.0,0.0,0
Nicolas Muller,Oh Im so happy I was crying with you in the endI felt that though Id never made the ascent I was thereHow very brave of you ,0.5333333333333333,0.8666666666666667,1
Antonio Ferrer,A K2 movie without someone dyingProbably a first,0.25,0.3333333333333333,1
Max Zorin,Yaits not cruel  it doesnt have a voiceetcITS a fracking rock WTF,0.0,1.0,0
Erik Iverson,That was incredibly inspiring,0.5,1.0,1
Kenan Morg,Good film about some incredibly determined people  I thought the Baltoro Glacier was almost as impressive as the mountains themselves  Beautiful scenery and some really great cinematography  Thanks for this,0.7416666666666667,0.7416666666666667,1
Michael Angelo,Theres this manga about a guy who really loves to climb solo and he even tackled k2 in exchange for his limbs due to frostbites The manga is kokou no hito,0.037500000000000006,0.2875,1
Tariq Aziz Sofi,I get same feeling when I have to climb the stairs,0.0,0.125,0
Shafiq1969,Well done guys an impressive video K2 is truly majestic and a top destination for mountaineers in Pakistan,0.75,0.75,1
Scout's Den,So many climbers go back and multiple years with no summits at all and your team make it up on a beautiful day That is amazing luck as well as skill Guess you need both on K2,0.39,0.48,1
Totoro San,i finally know what Eddie Bauer is So many times walked passed  by the store and didnt know they sold outerwear clothes,0.25,0.75,1
Abhijit Chakraborty,This is the life compared with the life spent on a mundane job at a desk for some money and safety,-0.13333333333333333,0.13333333333333333,0
firsthippy,All the money spent on these climbs and people are shortchanging porters,-0.1,0.1,0
Mark Bergemann,Back in the 70s Eddie Bauer was Thee name in Arctic outerwear The Superior Polar Parka the 30 sleeping bag It seemed like they got away from that became the more urban outfitter Its really nice to see they might be coming back The gear looked like it did well,0.24523809523809526,0.37857142857142856,1
Icrazieelliot Gamer,Hi what a just breath taking achievement cannot tell you how much respect I have for your  whole team brilliant watch as well thank you X,0.43333333333333335,0.5333333333333333,1
Tushar Taunk,this is just mindblowing i can keep watching this for days months and as long as i wish phenomenal efforts and incredible journey salutes to the entire team,0.3375,0.60625,1
⸻⸻⸻⸻⸻⸻⸻⸻⸻⸻⸻⸻⸻⸻⸻⸻⸻⸻⸻⸻⸻⸻⸻⸻⸻⸻⸻⸻⸻⸻⸻⸻⸻⸻⸻⸻⸻⸻⸻⸻⸻⸻⸻⸻⸻⸻⸻⸻⸻⸻,Mountain is my attitude i wont explain the sht now due to lack of time,-0.125,0.375,0
kun072,The real question is  who took up all the ropes,0.2,0.30000000000000004,1
Barbara Kryvko,What an inspirational film Thank you for sharing your journey with us,0.5,1.0,1
m m,who wouldnt like this videobrave and the most determined peoplecheers to them,0.5,0.5,1
fLying_AnT,It was the hoddest thing Ive ever done LULW,0.0,0.0,0
Sherry Eldridge,You are an angel of the mountain ,0.0,0.0,0
Zahra Qaisar,You people made best decision to stay and continue your journey and it was fruitful,1.0,0.3,1
Udit Gahlot,Big salute  Huge respect,0.20000000000000004,0.5,1
J P,very nice guys  Im proud of you,0.79,1.0,1
PreferredGecko,I go to College in Maine and got one of the eddy goose down jackets Thing is mint these people prolly felt like they were in Cali Lol,0.32222222222222224,0.49444444444444446,1
Pavel Semonov,What a vileness to argue over extra 10 You risktakers gonna leave hundreds in tips to servers in restaurant where you celebrate your accomplishment Filthy,-0.4,0.55,0
Arshia Bucket,Its like I watch a movie and the end is super duper awesome ,0.6666666666666666,0.8333333333333333,1
Legend 28,Congratulations on making history Beautiful Beautiful Thank you Eddie Bauer,0.85,1.0,1
JULIO MONASTERIO BACARIZO,GRAN DOCUMENTAL SOBRE EL K2  CON UNA MAGNIFICA FOTOGRAFIA,0.0,0.0,0
airsoft ant,You keeping me warm right now,0.44285714285714284,0.5678571428571428,1
abdul rehman,I am from pakistan and i just did a base camp next to k2 cant even imagine to climb this scary mountain These guys arr real heros  Much respect from pakistan,-0.18000000000000002,0.5,0
Awaken My River,Ive never been overcome with emotion at this before but wow this invoked tears  The respect that this team has for that mountain and each other was returned with the gift of their experience A beautiful thing,0.27499999999999997,0.7916666666666666,1
peter gregory,Top of the World Ma Top of the WorldRemember reading years ago of Aleister Crowleys attempt on K2 About 1902 was itImagine the sort of gear he and his friends would have had They didnt make it of courseMagnificent job guys Well done,0.5,0.5,1
Peter Lewis,That was an amazing video i could have watched it for ever,0.6000000000000001,0.9,1
Matt Ducey,Best mountaineering alpinist docfilm Ive seen Brought me there without all the work haha Well done all,0.6,0.3,1
Travis Pertson,Where theres a will theres a way ,0.0,0.0,0
Olivia Lambert,Climbing without supplemental oxygen means climbing with three porters who use oxygen  in this caseMeanwhile legends like Hermann Buhl climbed Nanga Parbat solo without oxygen,0.0,0.0,0
Adrien Pinard,The impossible college aetiologically scorch because neon routinely collect onto a poised whorl joyous equable prepared,-0.6666666666666666,1.0,0
NerdyNano,Truly inspiring  thank you for such a wonderful story ,0.5,0.8333333333333334,1
Sam Grima,K2 pride of Pakistan ,0.0,0.0,0
Miyoung Jung,I am crying now after you mention about feeling on the top of K2 what I like  Thank you very much let me watching your journey,0.18666666666666668,0.45333333333333337,1
Mads Jensen,Truly amazing climbing Watching this gave me goosebumps all over,0.6000000000000001,0.9,1
Da dare king Is home,Whos here after watching the guy ski down it,-0.15555555555555559,0.2888888888888889,0
tass ono,Namaste Palden Dai and Namgyal Dai even though you got 0 credits from this documentary  we know you were the backbone behind this expedition Om mane padme hum  Jai Nepal,-0.2,0.35,0
leratluci,Today I will reach the summit of my couch,0.0,0.0,0
oSo_KewL WIT_IT,A true climber would have wore a tank top daisy dukes and flip flops  All bs aside  I couldnt do this  Much respect,0.35000000000000003,0.44999999999999996,1
Aamir Abbasi,A great documentary Hats off to all of these courageous people,0.4,0.375,1
Blue Daily Elephant Care Sanctuary,So risk adventure but very breathtaking trek,1.0,1.0,1
Mir Shabir,Im curious of climbing k2 hope I get a chance in futurehooooo,-0.1,1.0,0
Ron George,To me the sherpas are Legends period ,0.0,0.0,0
Michael Noble,The blood on the summit shots O,0.0,0.0,0
NotJoe Biden,Thanks for taking picturesnow i dont need to goLOL,0.2,0.2,1
Kamal DHUNGANA,The most significant guides the Sherpas from Nepal are almost for shaded from camera intentionally and not even mentioned at the end Oh Big Bosses,0.2916666666666667,0.4916666666666667,1
cs chaka,BREATHTAKING ,1.0,1.0,1
Gary Kramer,This was an amazing documentary It was also an amazing feat to do this without oxygen Im just disappointed there was no mention of Nimsdai and his team being an integral part of the summit push I remember seeing him post about clearing the way past the bottleneck It absolutely would not have taken anything away from the amazing feat that the Eddie Bauer team accomplished It just wouldve been a bit more honest to include appreciation for how they helped Adrian even mentioned that on an Instagram post during the expedition Still though congrats on doing something so amazing and capturing it so well,0.26363636363636367,0.6727272727272727,1
Ahsan Choudry,Just breathtaking,1.0,1.0,1
N8FALKE1,Try Kukuczkas Polish Line,0.0,0.0,0
blex,i cant breathescnr,0.0,0.0,0
Raymond Lopez,Wow Congratulations to Adrian Karla and Toopo,0.1,1.0,1
The Dark Destroyer,The true dreamers are the men and women who still remain on K2Indeed they were dreamers who lived for the moment and did not regret anything in lifeRIP,0.35,0.65,1
Ninnie Holmgren,The man of my dreams In every way ,0.0,0.0,0
Jon Posadny,i wish i had the money just to get to base camp once in my life,-0.8,1.0,0
Andrew Dale,This was really cool Props to all involved Love the quote at the end Adrian and Carla do not have any plans to climb K2 again,0.425,0.625,1
nasdoc1,Amazing You have to be a superhuman to climb the K2 Breathtaking scenes What a video Congratulations,0.8,0.95,1
Travel With Strangers,This is actual life time achievement for human beings atleast for me it is ,0.0,0.1,0
Chance Tushir,Try Kailash next ,0.0,0.0,0
Carlo Carugati,Y O U are breathtaking,1.0,1.0,1
joe maxie,truly awesome achievementathletes of the highest caliber congrats to all of youa testament to the human spiritpre happy anniversarywell doneand thank you for giving us mere mortals a glimpse of the beauty of the mountainsNamaste,0.325,0.65,1
Linda Manzione Young,I was in tears because of you Adrian and Carla and your teams  success in reaching the summit You all were SMART in putting safety above success I was so happy to see the weather cooperating also God was definitely with you on this trip Thank you for sharing this beautiful video ,0.3520408163265306,0.463265306122449,1
Joel Crow,What if I have trouble being in a Costco cooler for longer than 5 mins tops,-0.2,0.2,0
Ryan Gall,so much more than an ad though I used to work for Eddie Bauer and their expeditions are literally the soul of the business which I always thought was cool while working there I hope I can climb some of these crazy mountains one day,0.08333333333333333,0.6833333333333332,1
Trinitatis Sanctorvm,Pemba what a legend,0.0,0.0,0
BrunoKris Georgeton,Beautiful photography Great human endurance Well done,0.5499999999999999,0.6166666666666667,1
Vinnie Menon,Not even into climbing but this was a great watch,0.8,0.75,1
The Stone,Its 211am idk how I get here I was watching cameravids and stuff xDIdk how I came but I dont regret beeing here,0.0,0.0,0
John MacKenzie,Brilliant And great camera work,0.8500000000000001,0.875,1
Mik Limbu,Lets be honest here no Sherpa no summit They practically babysit the climbers While westerners take all the glory Himalayan people take it as all in a days work No offense,0.6,0.9,1
M A D A R A,I would stay at summit for the rest of my life,0.0,0.0,0
timi gaule,Nepalese guidespun and sherpas are great and supported the climbers all the way to the top,0.65,0.625,1
Pier Wobbler,Beautiful documentary and awesome climbing,0.6166666666666667,0.6666666666666666,1
dimitris veroutis,imagine   climbing this with 3 of your budies  knowing that one wont come back,0.0,0.0,0
Mr K,im gonna climb it solo no sherpa no oxygen carrying everything i need on my back in the winter season so no one else is there,0.0,0.0,0
Basically? Legit!,i wish more people would see and expirience this movie of ur journey and struggles with the ultimate goal that u Reatched,0.25,0.75,1
Justin Kerns,Once I made it down the mountain alive I would give each porter a thousand dollar bonus on top of pay,0.14814814814814814,0.3962962962962963,1
Frank Brown,Epic challenge and great inspiring  documentary  congratulations,0.35,0.5375,1
Chris,Ever since I first heard about The Bottleneck I could only find descriptions To actually see it helps me understand the fear it causesIncredible video Huge respect to all involved,0.16250000000000003,0.5833333333333334,1
Angus__YounG,Nimsdai and their team set a record climbing K2 in Winter  and climed 14 8000m in only 6 months and 6 days wow,0.05,1.0,1
Exploration Northwest,Everyone knows Annapurna is the deadliest Mt,0.0,0.0,0
Alan McAllister,Brilliant viewing incredible resolve all round seriously enjoyed watching this,0.525,0.75,1
Tim Alexander,Thats a pretty decent hyway ,0.20833333333333331,0.8333333333333333,1
HitorMiss,How difficult it was for them to poop up there,-0.5,1.0,0
Ron Davis,Camera crew are above absolutely amazing,0.30000000000000004,0.5,1
Purified State,thanks for taking me along,0.2,0.2,1
Dan M.,Amazing  So well done Thank you team for bringing us this fantastic adventure,0.5,0.9,1
Rachel,Why didnt they show them going down Thats usually the craziest part,-0.20277777777777778,0.2694444444444445,0
Sanni Khoninov,Great shot ,0.8,0.75,1
PØŤĄŤÖ ÕŅÏÓÑ,My village is next Nanga Parbat Mountain the second deadliest mountain after K2 Both mountains are in Gilgit Baltistan Pakistan,0.0,0.0,0
Cursed soul of tut,Thats too steep  Real amazing job climbing that to the Sherpas and climbers ,0.9000000000000001,1.0,1
Ehtisham Hussain,Its too much hard but you guys are real heros ,-0.04583333333333334,0.42083333333333334,0
william walker,Absolutely incredible,0.9,0.9,1
2007zodiac,i Came to Watch the Adventurei left to Google firstAscent jacketslol,0.0,0.0,0
Ed Trent,K2 is beautifulIf I go there is only to admire it from base camp,-0.4,1.0,0
Robert Jensen,Im waiting for my 80th birthday and then Im going to finally start training to do this,0.0,1.0,0
HAID3N Official,Thank god my passion is music,0.0,0.0,0
Danny H,Awesome avalanche going UPHILL at 036,1.0,1.0,1
Pammy Mehay-Hydes,Amazing Shows the strength of the human spirit ,0.30000000000000004,0.5,1
Venkata Nagakiran Eluri,Eddi Bauer Jackets are really Superb  I love them,0.75,0.8,1
B,4318  Alrightwho pood and didnt pack it out,0.0,0.0,0
Kristen Maher,Congratulations to you all  This was the best footage most enjoyable viewing of mountaineering i have had the pleasure of watching thanks to you all   Wow Just holy wow Bravo  kind regards and respect from Australia xo,0.42857142857142866,0.6428571428571429,1
Jacob Ward,Amazing journey Scariest adventure yet,0.6000000000000001,0.9,1
Pranjal Sharma,i cried so beautiful documentary,0.425,0.5,1
iamkeir,Wonderful video incredible achievement congratulations ,0.95,0.95,1
Max Bean,Wow What a great doc thanks to all involved in making it x,0.3666666666666667,0.65,1
Zair,Need a similar documentary on the killer mountain NANGA PARBAT,0.0,0.2,0
Karen McPeak,Beautiful views great job filming the climb,0.825,0.875,1
Pcan Non167,Wow wow wow I am so glad I bumped into this wonderful movie,0.36,1.0,1
Patrick McGuire,Congrats  I was loosing my breath just watching,0.0,0.0,0
Retro grade,These dislikes are out of this world,0.0,0.0,0
Kerstin. Jitschin,watched some everest summit climbingbut its my first K 2 and its so well done great pictures congratulations to the camera guys and ofcause first great job by the sherpasthey are the best and also to you climbers and trying without oxygen and i hope you will know when you have to stop if its necessarygood luck for the strongest part climbing down thanks so muchbest wishes to the future,0.3930555555555556,0.3850694444444444,1
Gaia Travels,Amazing documentary So cool to see the journey physically and emotionally Plus the views are indescribableGlad I found this,0.19,0.4685714285714286,1
Anil Saharan,This is simply great ,0.8,0.75,1
Gaurav Rana,Legendary climb brother luv from India ,1.0,1.0,1
hocheye,Always interested  in people who put themselves in this much danger to climb a mountain The cost and logistics involved are crazyThe pics on this documentary are outstanding and it looks like the weather was fairly good and without oxygen You are savage,0.32999999999999996,0.43499999999999994,1
Shane Williams,For western climbers its the ego for Nepali climbers its a job,0.0,0.0,0
MooN_MoNkEy888,Awesome videobut the  bit about more people going to outerspace thAn going up k2 had me rolling over laughing so much ,0.5666666666666667,0.5666666666666667,1
Cheesus,Due to a genetic problem my body naturally produces too many red blood cells At rest I have about the same values as an acclimated climber This causes me some health problems but if I wanted to go to K2 I could push for the summit from day one,0.095,0.27999999999999997,1
Alexander Salz,the feeling of being there of walking the street of the future is reallly going to be breathtaking wait what xd,0.5,0.5625,1
bikinggal1,Surprised people arent heliing in to base camp,-0.35000000000000003,0.95,0
Jenna Riseley,the most difficult thing about watching this video is not knowing whether he is american or south african,0.0,0.375,0
Z 911,Crazy people Lots of love,-0.04999999999999999,0.75,0
Gauche Gaucho,You guys are real heroes,0.2,0.30000000000000004,1
Jim W.,Stunning scenery spectacular video but I gotta say  you guys are crazy,0.1666666666666667,0.9333333333333332,1
Ornella Pasini,Eccezionale soprattutto in questo periodo che voi ritrovare te stesso,0.0,0.0,0
Svarog EUROPE Identity,Climbing with good people who can say its dangerous we go back but we will try it again you can only be successful,0.16999999999999998,0.6900000000000001,1
Shakeel Ahmed,Great video Great effort With due respect to you all Reminds of Messner the greatest,0.61875,0.71875,1
Lunox Ruby hanabi,Wow Mt Everest  K2 back to back  thats an outstanding feat,0.15,0.46875,1
Shelby Butler,Absolutely incredible Thanks for sharing this,0.55,0.55,1
Doctor Basterfield,Most satisfying summit we ever did  Annapurna was second  Great team makes such a difference,0.36,0.55,1
Andi Moraru,This is the best K2 climbing documentary     Well done and keep on counting ,0.5,0.15,1
Kisan B.k,Salut xa nepali teams lai,0.0,0.0,0
Sebastian Szczepaniak,I havent seen such a well documented climb in a long time Of course its also due to the current technology Mallory Herzog Buhl Hillary or Messner just didnt have a small GoPro or similar cameras at the time The details of the mountain with the steep slopes the Seracs and the dimensions themselves are simply incredible You feel like you are on the mountain yourself ,0.06785714285714287,0.4821428571428571,1
Tim Anderson,At first I thought dude dont you have a job  But as I watched I really admired that dude and then the rest of them Im happy they made the K2,0.4166666666666667,0.5111111111111111,1
Johnny Johnny,No offense to anyone but Im glad I never got bit by the mountain climbing bug lol,0.65,0.85,1
Tony Morisco,Well done I could feel their pain as if I was there Have done difficult things in my life time but never anything approaching this climb I respect the drive that each one of them had to accomplish K2 The porters deserve as much credit as the rest of the team they were the foundation that the climb was built on  Outstanding accomplishment,0.05,0.51875,1
D Heath,Imagine the bad morning breaths in the tent,-0.6999999999999998,0.6666666666666666,0
dzb,Sherpas should be treated like gods for all that they do and this is sometimes saving lives,0.0,0.0,0
Birthe Knudsen,Beautifuljust beautiful,0.85,1.0,1
marzi pana,What a great team Well done Great job,0.8,0.75,1
Israel Y,I would love to hear the thoughts of the porters Anyone know of an article or video that has an interview or something of the sort from a porter,0.5,0.6,1
Laurent Martin,Only one word come to my mind  RESPECT  And thanks a lot for these so nice and beautiful images,0.4125,0.8,1
Rogers,Someone tell him that the top is 50 of the trip now he must be able to descend alive,0.3666666666666667,0.5083333333333333,1
jo ho,Amazing,0.6000000000000001,0.9,1
lyhthegreat,438 its amazing how the flags would still flutter in the wind despite how cold it is up thereshouldnt they be frozen solid already,3.700743415417188e-17,0.6666666666666666,1
bishop sparling,Finally someone agrees this mountain is the most dangerous completing this is insane but awesome,-0.020000000000000018,0.8800000000000001,0
Nabeel Akbar,Excellent you guys very emotional ,0.5,0.9225000000000001,1
Elberoth,No Nims  Im an Adrian fan I have been following him on social media for years but discovering Nims was not even mentioned was a big disappointment for me And I bet for many others,-0.01333333333333333,0.23333333333333334,0
inflivia,Fantastic footage Nice one team,0.5,0.95,1
John Wang,4130  summit    beautiful view ,0.85,1.0,1
Stephen Burnage,I used to work with the first Pakistani to climb K2 Daud Beg He was quite the man,0.25,0.3333333333333333,1
Lexie,awesome documentary  such inspiration that u r capable of so many things if u really want to achieve it,0.31666666666666665,0.43333333333333335,1
SpitefulAZ,so weird to see advertisements from the top of a huge mountain,0.13333333333333336,0.7999999999999999,1
Theoretical Vibe Mikey Porter,amazing what people can achieve well done guys,0.6000000000000001,0.9,1
John Smith,8 hours up to camp four Id be turning around after 15 minutes max,0.0,0.0,0
Gandalf 1536,Legend ,0.0,0.0,0
jerk de snek,I wonder if they bring toothbrushes up there his teeth are looking more untamed than the mountain,0.5,0.5,1
Gus Oliveira,Amazing and inspiring,0.55,0.95,1
curtis_browning,I always like to imagine a quaint little temple atop one of these majestic mountains maybe even  a little air bender statue lol,0.1416666666666667,0.5666666666666667,1
Knockda 8,Wow Breathtaking Amazing,0.5666666666666668,0.9666666666666667,1
mariano sanchez,Sooo this was just a 45 minutes ad well done,0.0,0.0,0
Petrus,incredible,0.9,0.9,1
GG Cat & Bella Dog Antics,Glad those porters stood up for themselves,0.5,1.0,1
Farrukh Gull,U were on the roof of the world Like touching the SKY Stunning view at Summit Lots of love from Pakistan,0.5,0.7000000000000001,1
Martin Kaufmann,Very very impressive I am touched Stay save have fun,0.65,0.6,1
Steven On The Road,I would say mountains in the alpsthe much lower ones are good enough for me higher peaks are only for watching at home,0.22999999999999998,0.5599999999999999,1
Felipe Gonzales,Congratulations Amazing job,0.6000000000000001,0.9,1
Karma Police,Congratulations but its funny how the Sherpas are always in the shadows when they are the pivot,0.25,1.0,1
Rix Gaming,Film ended on the summit Makes you wonder what happened on the way down for them to not show any of it,-0.15555555555555559,0.2888888888888889,0
A G,Cool Looks just like Everest but Everest is obviously a bit harder since its higher I climbed EverestYES IM ONE OF THE FEW DDDDD so I guess theres no point in climbing K2 Gonna be bored probably lol,0.08571428571428573,0.4928571428571429,1
Thorsden556,This activity takes a special and unique kind of insanityalso makes me realize how out of shape I am,0.4440476190476191,0.8238095238095239,1
Bonnie & Dave Reardon,Congratulations on your achievements ASOM,0.0,0.0,0
ᴀɴɴᴀ,what Nimsdai and his team accomplished a few days ago overshadows this K2Winter,0.0,0.3,0
Mark Jessurun,Nice climb Guys i couldnt do it and with all Due Respect Congratulations to the Group  Very Powerful and Spiritually Big ,0.21625,0.61875,1
Oo teri,Pakistan is heaven for mountaineers,0.0,0.0,0
Krizanathan,The hardest part is to surpass the logistical drama and focus on the beauty,0.0,0.0,0
chris luehr,I WOULNT EVEN BE ABLE TO HANDLE THEDRIVE UP THERE,0.5,0.625,1
Snook,Waiting for the next trend  climbing mountains without sherpas IE NOT CHEATING,0.0,0.0,0
Dylan Laws,You are at the very top of the world where only a handful of humans have been and you miss the summitwho cares you already did something mind blowing Its a shame the word failure is even uttered,0.1111111111111111,0.65,1
Sam Grima,K2  killer mountain   pride of Pakistan  is also visible on Pakistan currency note,0.0,0.0,0
shevasd,Congratulations to you and the sherpas for this extraordinary achievement ,0.3333333333333333,1.0,1
Zena Cheng,its really inspiring,0.5,1.0,1
luckyman,Wowwow  Impressive  Congratulations  I wish I can go one day ,1.0,1.0,1
Joe McMurdo,Got a bit of  vertigo watching  this great doco thanks,0.5,0.475,1
Nigel S,Thank you for sharing such awesome adventure,0.5,0.75,1
Peter Forster,Love it  I love seeing these types of videos  It is amazingly funny to see the Sherpas smoking at altitude,0.4166666666666667,0.7333333333333334,1
Brian Sam,Eddie Bauer If youre reading this I want to say awesome achievement and all respect to you I was wondering when you were at the top were you able to see or get a glimpse of Nanga Parbat in the distance I heard it can be seen from the top of K2,0.625,0.65625,1
Hannah Hibbah,I hardly made Snowdonia you are legends wondering in Death Valley Emperor of mountains K2,-0.2916666666666667,0.5416666666666666,0
Keith Mc,Climbers risking the one and only life they are going to have for an ego trip is beyond my ken,0.0,1.0,0
FactNews,Love from Nepal,0.5,0.6,1
Jennifer Walne,Porters barely being paid Tourist ,0.05,0.1,1
Peter Sochor,just beatifull production and weather and people   ,0.0,0.0,0
Maria Anwar,So they dont have plan to summit K2 again,0.0,0.0,0
A. Kim,Im watching this while eating a family size of Doritos and wearing pajamas Ive been wearing for three days now,0.0,0.0,0
Pennypack MTB,So to get a free Eddie Bower jacket all you have to do is climb K2 Whos in with me,0.4,0.8,1
DespizedICON,Great job Eddie,0.8,0.75,1
peter soakel,Its the same as any life threatening addiction you know its gonna kill you in the end maybe and it is all about self Epic,0.05,0.2625,1
spickie31,Rally great adventure and well done,0.8,0.75,1
Dav- Atar,Wonderful job by all Good to hear Eds voiceWell done everyone Namasta,0.85,0.8,1
Rabab Lovers,Great job you guys did what billions of people cant do i wish i could do but im scared of cold weather,0.10000000000000003,0.875,1
hangming zheng,The strange anime multivariately interfere because fear peroperatively telephone aboard a joyous fat scared hanging wax,-0.05,0.15,0
JJ Mir,I hope there are not building a garbage mountain in this beauty same as Everest,0.0,0.125,0
Mr Smith,CongratulationsRather you than me ,0.0,0.0,0
Ernesto Giron,Me Thinking how much time I have been living in my comfort zoneThe world is open out there,0.1,0.35,1
T C,Incredible,0.9,0.9,1
Rothgo,11391146 Impressive views,1.0,1.0,1
Yuseng Lee,I agree to the fight The award which is getting for these hardships it is exorbitantly large It is the joy of life  Jerzy KukuczkaThis is why we seek thrill and adventure with mother nature,0.5071428571428571,0.3142857142857143,1
R. Lucas,Did he say he had The Bends as in decompression sickness It sounds like hes describing a gastrointestinal issue,0.0,0.0,0
Yohanan Arjoon,These people talk big butWithout Sherpas none of these people would ever have made it up EverestSherpas make the trail and set the rope and carry their bags up and down the mountain They should give Thanks to Sherpas first,0.0736111111111111,0.23055555555555557,1
Scott Aldridge,Congratulations welldone,0.0,0.0,0
Bob Rogers,More people going to space kind of blew my mind,0.55,0.7,1
Nimish Karan,What if one of them want to go to loo on the summit just a thought,0.0,0.0,0
Ruud Van der Waal,Wonderfull thank you for sharing this with me Namaste,0.0,0.0,0
Doug Bourdo,Incredible  Amazing  Yes a HUGE Shout Out to ALL of the Sherpas andor Porters,0.6333333333333334,0.9,1
Clayton Green,I want to do a climb like this Ive climbed a lot of small mountains but how do they get away from work and bills to go do something like this Hats off to You All,-0.25,0.4,0
Edward Lobb,My first Eddie Bauer was that Bush pilots down vest in olive In a  now more well known ski town it stopped traffic There were no down vests then and hardly any 4x4s either Great expedition and film Thank you Eddie Bauer I survived several extreme skis with your original parka over the vest,0.15895061728395063,0.4947530864197531,1
Bruno Mira,What an adventure,0.0,0.0,0
Johnson David Official,Amazing video dear  Loved it please also check Travel with Johnson David,0.65,0.8500000000000001,1
c_b_a,This is just brilliant Who has set up thr ropes for them ,0.9,1.0,1
kel,awesomeness,0.0,0.0,0
SweetDrummerNrOne,I love how the next recommended video is a guy skiing down this mountain casually staring by drinking a red bull bare handed and these guys are crying with joy just getting there,0.061805555555555544,0.3319444444444445,1
Luqman Kiani,They say everest might be the bigger Mountain but K2 is by the far the harder and deadlier climb,0.0,0.5,0
Googl Reviews,Sad part is these people are turning this beautiful mountain into a dump,0.175,1.0,1
Bhoot Nath,Without you coming because you are all the recovering in the path,0.0,0.0,0
Maria Gabriela López Herdoiza,Such an inspiration to me Carlita Perez Ill love to climb with you someday  ,0.0,0.7000000000000001,0
Andrew Marshall,The husky eggplant informally trap because lemonade conventionally attack between a insidious pilot stiff sweet spruce,-0.0023809523809523725,0.5023809523809524,0
YES YOU SEE,Wow beautiful,0.475,1.0,1
Bull Zye,Trying to climb K2 as your first 8000m mountain is like getting your drivers license at age 16 and immediately jumping into a Formula 1 car I bet the guide services insist on payment upfront,0.25,0.3333333333333333,1
KRLE2582,Thanks for Sharing Peace,0.2,0.2,1
Wolfes Mom,Im watching this as I have the AC on lowand Im freezing with a heavy blanket covering me I dont think I would make it being on the mountains where its legit freezing cold lol I would pass out day 1 on expedition,0.0,0.7333333333333334,0
David van Niekerk,Baie dank aan die Pakistanie draers Thanks to the Pakistani Sherpas Sehr danke Eddie Bauer fur diesem video Merci beaucoup,0.2,0.2,1
campbellj20,Loved it,0.7,0.8,1
Matt Stevenson,Pemba has seen some shit manEdit 44m views those tips should be hundreds of dollars Sherpas are treated like crap overall no matter how much respect some individual climbers show them,-0.16,0.44000000000000006,0
John Schoeffling,I enjoyed this very much thanks for sharing,0.35,0.44999999999999996,1
Tenzin 2,Tibetan prayer flag on the summit,0.0,0.0,0
Sugandhi Iyer,Great one Kudos,0.8,0.75,1
Technical Updates,Hy dear You are so oooxam Thank comping to Pakistan We love you,0.5,0.6,1
Arlen Margolin,One thing is a blessing and that is it sure a lot easier to say thank you Kate too then thank you Kilimanjaro,0.5,0.8888888888888888,1
Monkey Mentality,I really enjoyed watching this,0.5,0.7,1
Ben C,Dude had giardia Ive been there sulfur burpsfarts and constant liquid shitting after a few days vomiting Its horrible lasts weeks  ,-0.39999999999999997,0.4777777777777778,0
Supernova,3745 that is one scary sight from that angle,-0.5,1.0,0
Intrepid Explorer,When I was twelve  at school  I became the first Englishman whose middle name is Charles under the height of 6 foot with brown eyes and a side parting to hop all the way across our playground on one footAt what point does this self indulgent narcissism end,0.125,0.16666666666666666,1
MultiLatency,Great video,0.8,0.75,1
Phani Upadhyay,Incredible ,0.9,0.9,1
Arslan Waheed,Nice documentary Respect from Pakistan,0.3,0.5,1
Julio Roldan,Amazing completely amazing,0.6000000000000001,0.9,1
Sahil Ali,One day I will climb K2 ,0.0,0.0,0
Mercy Shaver,True adventures,0.35,0.65,1
Arlen Margolin,I always liked the way K2 built skis and supposedly the ski by the name of p r e were actually my favorite ski but I believe they were made by K2 and they were an expensive wood core ski totally responsive fast great and powder good to cruise but I never realized all those times I looked down and saw a K2 I never realized how much it really meant,0.26049382716049385,0.6320987654320986,1
vxenon67,Why do people climb mountains  Because its there,0.0,0.0,0
Winston,Excellent teamwork,1.0,1.0,1
Faisal Shahid,Welcome to Pakistan You will find yourself at home amid these majestic mountains It is where you will at once lose and find yourself And once you reach the top you will become an inseparable part of the land around you,0.65,0.7,1
Cinematic Cut,Who filmed this ,0.0,0.0,0
Grace Gracels,Scared to watch this because Ive just finished reading Freddie Wilkinsons One Mountain Thousand Summits  The Untold Story of Tragedy and True Heroism on K2,0.35,0.65,1
Griu official,Great adventure,0.8,0.75,1
Lulu Dads,Congratulations  what alse,0.0,0.0,0
T. Rose,If I could pay thirty thousand to climb a mountain I would tip my porters and guides thousands,0.0,0.0,0
Hannah Hibbah,Well done guys,0.0,0.0,0
Serkan 180cc,Respect very nice experience,0.78,1.0,1
Tina Reutin,Amazing is right Thx for the trip of lifetime,0.4428571428571429,0.7178571428571429,1
Phil M,Getting to the summit is just half way  You gotta get down too without croaking  And it aint easy  Hard enough for me on USA mountains,-0.036111111111111115,0.46611111111111114,0
MWan An,Congratulations dear Its more than herculean task,0.5,0.5,1
gary rhodes,Rienhold Messner all i have to say,0.0,0.0,0
Arne Deschacht,Wonderfull piece of a documentary,0.0,0.0,0
Mike B,good stuff,0.7,0.6000000000000001,1
Rad Rhat,The melodic moat resultspreviously shave because zipper beverly print towards a wretched mountain resonant scientific washer,0.0,0.0,0
Mudassir Rauf,K2 is the real pyramid of mountains,0.2,0.30000000000000004,1
The Luc1f3r,Looks ez the just go up and drink coffe at many camps D,0.5,0.5,1
bijan film,Amazing film and story of resilience and courage,0.6000000000000001,0.9,1
Taslim Hidjaz,Amazingthats my hobbies,0.0,0.0,0
D Kapoor,Amazing,0.6000000000000001,0.9,1
gillesnuytens,Great documentary Congratulations to all of you and your hard work But lets give a shout out to Ed who climbed all 14 peaks without supplemental oxygen meanwhile being such a humble person,0.06166666666666666,0.4383333333333333,1
Ladakh Travelogue,I live in the Himalayas ,0.13636363636363635,0.5,1
i suck at guitar,Thats cool I drove on part of that road back in 2001 from Mardan to Sost Dont think I saw K2 but saw Nanga Parbat  Rakaposhi on my road trip with some local friends Fab trip beautiful views,0.3,0.4125,1
Linden Arden,Its my understanding that Eddie Bauer jackets and tents were used on this trip,0.0,0.0,0
Warnings,Incredible documentary,0.45,0.45,1
Aldrin Entiavlog,Everest i am the tallest and people died to conquer me K2 hold my Black Pyramid,-0.16666666666666666,0.43333333333333335,0
R G,K2 is the most stunningly beautiful most aweinspiring most challenging most treacherous most terrifying most intimidating and overall the holy grail of any true mountaineer Congratulations to you all absolutely epic accomplishment you guys are for real Great story and production,0.3692307692307693,0.6192307692307693,1
Crichjo32,This is basically the most epic advertisement for a jacket Ive ever seen,0.3,0.45,1
Simon Ritchie,Awesome video,1.0,1.0,1
Enes Uluç,0724 Kesin fidayda oynuyorlar ,0.0,0.0,0
Delta Drones Iceland-Brazil From Above,Awesome,1.0,1.0,1
Mink,Ive had nightmares about this mountain and falling or almost falling  I swear i was a high altitude climber in a past life,-0.045,0.39499999999999996,0
Pak Ngah,Awesome,1.0,1.0,1
Ken W Anderson,CRAZY DANGEROUS  I wish the successful helpful Sherpas had been given more adulation,0.012500000000000011,0.8125,1
Kostantino Psilakis,Listening to the mountain how about listening to Common Sense,-0.3,0.5,0
Princess of Nusa,Woooww been thinking about doing this for years but keep question myself if i can do that or not Must be not easy climb ,-0.21666666666666667,0.8333333333333334,0
Computer Tricks Trilogy,Im gonna climb this thing oneday,0.0,0.0,0
Mark Guy,I have hypoxia and altitude sickness just watching these climbers I couldnt imagine being able to do this kind of expedition,0.55,0.7625,1
RGB,When they almost get to the summit I just want some rad bro to fly by on a snowboard with a monster energy drink  SHEEERPPAAA BRAAA,0.8,0.9,1
zootsootful,Whats the highest summit ever conquered through a solo effort without oxygen assistance Anybody,0.0,0.0,0
Summoner 9,I would have just ran from base camp to the summit Guess im just built different idk,-0.4,0.8,0
New Jeffersonian,In terms of climbing there are only two categories of mountains all the mountains in the world and K2,0.0,1.0,0
munim farooq,There was a moment somewhere midway through the doc when i felt you guys wont make it to the top But seeing you guys make it at the end despite all the odds being against you really means something Team chemistry was brilliant and the feel good spirit among all of you was there for all of us to see,0.575,0.575,1
Robin Jackson,Hows the fund The adrenaline rush i have it blows away every time i think about funds,0.0,0.0,0
Abdullah 's,How to start climbing should take it in sections Like first base camp 2,-0.275,0.6666666666666666,0
ALEXANDER LAWSON,Stunning place but I sure wouldnt want to go any higher than base camp,0.11249999999999999,0.8472222222222222,1
Rones Carlos,Show,0.0,0.0,0
seattle fishing,How many days do they wear the same socks,0.25,0.3125,1
DZA,       ,0.0,0.0,0
Sapien Manas07,this seems so ez to nepalese lol,0.8,0.7,1
ALL iN ONE,My beautifull PAKISTAN ,0.0,0.0,0
Joe Smith,If you havent noticed climbers have the biggest smiles Must be something to it,0.0,0.0,0
Julie Gorham,Im am in complete AWE and gratitude for you Thank you for giving me courage to face the mountain,0.1,0.4,1
Manjunath Ballur,This is a beautiful documentary on K2,0.425,0.5,1
Simon Classe,I clumb a montain of 1500m in Spain that was so cool I now plan to climb K2 in 6 months D,0.35,0.65,1
SilkyJohnson,1047 Land Cruiser tires are absolutely bald,0.2,0.9,1
Melanie Meyer,I would love to see a 3 or even 6 hour version of this magnificent documentary,0.5,0.5333333333333333,1
denis langlois,amazing  Thank you so much,0.4,0.55,1
Joyvelle Enerlan,Fucking amazing,0.6000000000000001,0.9,1
Black Forest Travel,Wunderschne Doku,0.0,0.0,0
Roaclub Baciova,I sottotitoli please,0.0,0.0,0
Fun movies,mashallah Pakistan is so beautiful,0.85,1.0,1
Zaki Basra,Im pakistani but i havent visit k2 basecamp ever,0.0,0.0,0
Διονύσιος,To me it was interesting thanks,0.35,0.35,1
Re-Mecs,that was the longest advert ive ever seen ever,0.0,0.0,0
Amparo Schober,My dad swears this is how he got to school every morning,0.0,0.0,0
Edward McClung,2 is too little 10 or 15 to carry your pack for 6 to 7 days of hard hiking and climbing,-0.23958333333333334,0.5208333333333333,0
Gabriele Deiana Music,First team that reached this peak was italian with Laccedelli and Compagnoni but the true K2 hero was Walter Bonatti Find out the history of this 1954 expedition and what did BonattiHe spent the night in the side of the mountain without protections and then saved the Sherpa that was with him a real superhuman,0.13999999999999999,0.2766666666666667,1
LuckyLicks,2031 We really need to be healthy  while eating Nutella,0.35,0.35,1
haider hassan,Im Pakistani but I have never traveled to K2 side even not gailgate baldistan ,0.0,0.0,0
Hodgey Hodge,RIP Ueli Steck ,0.0,0.0,0
kevin floyd,amazing documentary very inspiring was trying to find that specific red jacket from  Carla Perez can someone help me find it  its not on the official website,0.25,0.40499999999999997,1
